<?xml version="1.0" encoding="UTF-8"?>
<kml xmlns="http://www.opengis.net/kml/2.2">
  <Document>
    <name>xiaolizhuang_balanced_visual_plan satellite overlay</name>
    
    <Placemark>
      <name>Field 1 66.8 ha</name>
      <Style>
        <LineStyle><color>ccff8402</color><width>3</width></LineStyle>
        <PolyStyle><color>3338bdf8</color></PolyStyle>
      </Style>
      <Polygon><outerBoundaryIs><LinearRing><coordinates>118.96557455,32.21769182,0 118.97157075,32.21971200,0 118.97705268,32.21151573,0 118.97068936,32.20907763,0 118.96557455,32.21769182,0</coordinates></LinearRing></outerBoundaryIs></Polygon>
    </Placemark>
    <Placemark>
      <name>Field 2 107.7 ha</name>
      <Style>
        <LineStyle><color>ccff8402</color><width>3</width></LineStyle>
        <PolyStyle><color>3338bdf8</color></PolyStyle>
      </Style>
      <Polygon><outerBoundaryIs><LinearRing><coordinates>118.97180466,32.21985149,0 118.98223118,32.22431176,0 118.98689215,32.21664622,0 118.97715332,32.21177614,0 118.97180466,32.21985149,0</coordinates></LinearRing></outerBoundaryIs></Polygon>
    </Placemark>
    <Placemark>
      <name>Field 3 187.8 ha</name>
      <Style>
        <LineStyle><color>ccff8402</color><width>3</width></LineStyle>
        <PolyStyle><color>3338bdf8</color></PolyStyle>
      </Style>
      <Polygon><outerBoundaryIs><LinearRing><coordinates>118.98227275,32.22464573,0 118.99997651,32.23248248,0 119.00532742,32.22477365,0 118.98722261,32.21686561,0 118.98227275,32.22464573,0</coordinates></LinearRing></outerBoundaryIs></Polygon>
    </Placemark>
    <Placemark>
      <name>Field 4 346.3 ha</name>
      <Style>
        <LineStyle><color>ccff8402</color><width>3</width></LineStyle>
        <PolyStyle><color>3338bdf8</color></PolyStyle>
      </Style>
      <Polygon><outerBoundaryIs><LinearRing><coordinates>118.96080464,32.22522904,0 118.99496463,32.24061076,0 118.99982321,32.23301558,0 118.96525740,32.21774675,0 118.96080464,32.22522904,0</coordinates></LinearRing></outerBoundaryIs></Polygon>
    </Placemark>
    <Placemark>
      <name>Field 5 312.9 ha</name>
      <Style>
        <LineStyle><color>ccff8402</color><width>3</width></LineStyle>
        <PolyStyle><color>3338bdf8</color></PolyStyle>
      </Style>
      <Polygon><outerBoundaryIs><LinearRing><coordinates>118.95607891,32.23242987,0 118.99062000,32.24829842,0 118.99497875,32.24119709,0 118.96093182,32.22625861,0 118.95607891,32.23242987,0</coordinates></LinearRing></outerBoundaryIs></Polygon>
    </Placemark>
    <Placemark>
      <name>Field 6 202.7 ha</name>
      <Style>
        <LineStyle><color>ccff8402</color><width>3</width></LineStyle>
        <PolyStyle><color>3338bdf8</color></PolyStyle>
      </Style>
      <Polygon><outerBoundaryIs><LinearRing><coordinates>119.00055537,32.23231085,0 119.02184836,32.24157087,0 119.02653239,32.23466509,0 119.00526968,32.22518132,0 119.00055537,32.23231085,0</coordinates></LinearRing></outerBoundaryIs></Polygon>
    </Placemark>
    <Placemark>
      <name>Field 7 0.9 ha</name>
      <Style>
        <LineStyle><color>ccff8402</color><width>3</width></LineStyle>
        <PolyStyle><color>3338bdf8</color></PolyStyle>
      </Style>
      <Polygon><outerBoundaryIs><LinearRing><coordinates>118.99925552,32.23517580,0 119.00036861,32.23564177,0 119.00061528,32.23504391,0 118.99951631,32.23447109,0 118.99925552,32.23517580,0</coordinates></LinearRing></outerBoundaryIs></Polygon>
    </Placemark>
    <Placemark>
      <name>Field 8 2.8 ha</name>
      <Style>
        <LineStyle><color>ccff8402</color><width>3</width></LineStyle>
        <PolyStyle><color>3338bdf8</color></PolyStyle>
      </Style>
      <Polygon><outerBoundaryIs><LinearRing><coordinates>118.99814143,32.23677065,0 119.00079627,32.23801762,0 119.00118443,32.23713640,0 118.99864771,32.23600783,0 118.99814143,32.23677065,0</coordinates></LinearRing></outerBoundaryIs></Polygon>
    </Placemark>
    <Placemark>
      <name>Field 9 0.5 ha</name>
      <Style>
        <LineStyle><color>ccff8402</color><width>3</width></LineStyle>
        <PolyStyle><color>3338bdf8</color></PolyStyle>
      </Style>
      <Polygon><outerBoundaryIs><LinearRing><coordinates>118.99962145,32.23640152,0 119.00026368,32.23668736,0 119.00042326,32.23639532,0 119.00056496,32.23618568,0 119.00048330,32.23605728,0 119.00050880,32.23594371,0 119.00032831,32.23585461,0 119.00002055,32.23573417,0 118.99962145,32.23640152,0</coordinates></LinearRing></outerBoundaryIs></Polygon>
    </Placemark>
    <Placemark>
      <name>Field 10 0.9 ha</name>
      <Style>
        <LineStyle><color>ccff8402</color><width>3</width></LineStyle>
        <PolyStyle><color>3338bdf8</color></PolyStyle>
      </Style>
      <Polygon><outerBoundaryIs><LinearRing><coordinates>119.00037974,32.23578360,0 119.00165258,32.23632800,0 119.00197337,32.23580881,0 119.00070815,32.23520522,0 119.00037974,32.23578360,0</coordinates></LinearRing></outerBoundaryIs></Polygon>
    </Placemark>
    <Placemark>
      <name>Field 11 0.9 ha</name>
      <Style>
        <LineStyle><color>ccff8402</color><width>3</width></LineStyle>
        <PolyStyle><color>3338bdf8</color></PolyStyle>
      </Style>
      <Polygon><outerBoundaryIs><LinearRing><coordinates>119.00067538,32.23476860,0 119.00144013,32.23513243,0 119.00198448,32.23431191,0 119.00112872,32.23396468,0 119.00067538,32.23476860,0</coordinates></LinearRing></outerBoundaryIs></Polygon>
    </Placemark>
    <Placemark>
      <name>Field 12 0.2 ha</name>
      <Style>
        <LineStyle><color>ccff8402</color><width>3</width></LineStyle>
        <PolyStyle><color>3338bdf8</color></PolyStyle>
      </Style>
      <Polygon><outerBoundaryIs><LinearRing><coordinates>119.00130006,32.23399562,0 119.00186289,32.23424624,0 119.00198344,32.23405652,0 119.00175168,32.23391687,0 119.00146425,32.23379106,0 119.00130006,32.23399562,0</coordinates></LinearRing></outerBoundaryIs></Polygon>
    </Placemark>
    <Placemark>
      <name>Field 13 12.4 ha</name>
      <Style>
        <LineStyle><color>ccff8402</color><width>3</width></LineStyle>
        <PolyStyle><color>3338bdf8</color></PolyStyle>
      </Style>
      <Polygon><outerBoundaryIs><LinearRing><coordinates>118.99394043,32.24381077,0 118.99834632,32.24563159,0 118.99942161,32.24404423,0 118.99961487,32.24364929,0 118.99830376,32.24319458,0 118.99698400,32.24295548,0 118.99707936,32.24238014,0 118.99614491,32.24213356,0 118.99511400,32.24167456,0 118.99460701,32.24206310,0 118.99374832,32.24333826,0 118.99398324,32.24349033,0 118.99391807,32.24361709,0 118.99365482,32.24348182,0 118.99353869,32.24364328,0 118.99394043,32.24381077,0</coordinates></LinearRing></outerBoundaryIs></Polygon>
    </Placemark>
    <Placemark>
      <name>Field 14 1.3 ha</name>
      <Style>
        <LineStyle><color>ccff8402</color><width>3</width></LineStyle>
        <PolyStyle><color>3338bdf8</color></PolyStyle>
      </Style>
      <Polygon><outerBoundaryIs><LinearRing><coordinates>118.99299056,32.24455740,0 118.99313607,32.24469782,0 118.99338153,32.24476579,0 118.99418300,32.24506626,0 118.99423848,32.24492668,0 118.99342785,32.24435863,0 118.99355984,32.24424379,0 118.99438433,32.24484599,0 118.99483936,32.24430621,0 118.99350605,32.24365774,0 118.99299056,32.24455740,0</coordinates></LinearRing></outerBoundaryIs></Polygon>
    </Placemark>
    <Placemark>
      <name>Field 15 1.7 ha</name>
      <Style>
        <LineStyle><color>ccff8402</color><width>3</width></LineStyle>
        <PolyStyle><color>3338bdf8</color></PolyStyle>
      </Style>
      <Polygon><outerBoundaryIs><LinearRing><coordinates>118.99452889,32.24486263,0 118.99576773,32.24605031,0 118.99585366,32.24587893,0 118.99557851,32.24574085,0 118.99561699,32.24566443,0 118.99588853,32.24580339,0 118.99643549,32.24494983,0 118.99500024,32.24431585,0 118.99452889,32.24486263,0</coordinates></LinearRing></outerBoundaryIs></Polygon>
    </Placemark>
    <Placemark>
      <name>Scout drone 1</name>
      <Style><LineStyle><color>cc0f766e</color><width>3</width></LineStyle></Style>
      <LineString><tessellate>1</tessellate><coordinates>118.96557455,32.21769182,0 118.97157075,32.21971200,0 118.97705268,32.21151573,0 118.97068936,32.20907763,0 118.96557455,32.21769182,0</coordinates></LineString>
    </Placemark>
    <Placemark>
      <name>Scout drone 2</name>
      <Style><LineStyle><color>cc0f766e</color><width>3</width></LineStyle></Style>
      <LineString><tessellate>1</tessellate><coordinates>118.97180466,32.21985149,0 118.98223118,32.22431176,0 118.98689215,32.21664622,0 118.97715332,32.21177614,0 118.97180466,32.21985149,0</coordinates></LineString>
    </Placemark>
    <Placemark>
      <name>Scout drone 3</name>
      <Style><LineStyle><color>cc0f766e</color><width>3</width></LineStyle></Style>
      <LineString><tessellate>1</tessellate><coordinates>118.98227275,32.22464573,0 118.99997651,32.23248248,0 119.00532742,32.22477365,0 118.98722261,32.21686561,0 118.98227275,32.22464573,0</coordinates></LineString>
    </Placemark>
    <Placemark>
      <name>Scout drone 4</name>
      <Style><LineStyle><color>cc0f766e</color><width>3</width></LineStyle></Style>
      <LineString><tessellate>1</tessellate><coordinates>118.96080464,32.22522904,0 118.99496463,32.24061076,0 118.99982321,32.23301558,0 118.96525740,32.21774675,0 118.96080464,32.22522904,0</coordinates></LineString>
    </Placemark>
    <Placemark>
      <name>Scout drone 5</name>
      <Style><LineStyle><color>cc0f766e</color><width>3</width></LineStyle></Style>
      <LineString><tessellate>1</tessellate><coordinates>118.95607891,32.23242987,0 118.99062000,32.24829842,0 118.99497875,32.24119709,0 118.96093182,32.22625861,0 118.95607891,32.23242987,0</coordinates></LineString>
    </Placemark>
    <Placemark>
      <name>Scout drone 6</name>
      <Style><LineStyle><color>cc0f766e</color><width>3</width></LineStyle></Style>
      <LineString><tessellate>1</tessellate><coordinates>119.00055537,32.23231085,0 119.02184836,32.24157087,0 119.02653239,32.23466509,0 119.00526968,32.22518132,0 119.00055537,32.23231085,0</coordinates></LineString>
    </Placemark>
    <Placemark>
      <name>Scout drone 7</name>
      <Style><LineStyle><color>cc0f766e</color><width>3</width></LineStyle></Style>
      <LineString><tessellate>1</tessellate><coordinates>118.99925552,32.23517580,0 119.00036861,32.23564177,0 119.00061528,32.23504391,0 118.99951631,32.23447109,0 118.99925552,32.23517580,0</coordinates></LineString>
    </Placemark>
    <Placemark>
      <name>Scout drone 8</name>
      <Style><LineStyle><color>cc0f766e</color><width>3</width></LineStyle></Style>
      <LineString><tessellate>1</tessellate><coordinates>118.99814143,32.23677065,0 119.00079627,32.23801762,0 119.00118443,32.23713640,0 118.99864771,32.23600783,0 118.99814143,32.23677065,0</coordinates></LineString>
    </Placemark>
    <Placemark>
      <name>Scout drone 9</name>
      <Style><LineStyle><color>cc0f766e</color><width>3</width></LineStyle></Style>
      <LineString><tessellate>1</tessellate><coordinates>118.99962145,32.23640152,0 119.00026368,32.23668736,0 119.00042326,32.23639532,0 119.00056496,32.23618568,0 119.00048330,32.23605728,0 119.00050880,32.23594371,0 119.00032831,32.23585461,0 119.00002055,32.23573417,0 118.99962145,32.23640152,0</coordinates></LineString>
    </Placemark>
    <Placemark>
      <name>Scout drone 10</name>
      <Style><LineStyle><color>cc0f766e</color><width>3</width></LineStyle></Style>
      <LineString><tessellate>1</tessellate><coordinates>119.00037974,32.23578360,0 119.00165258,32.23632800,0 119.00197337,32.23580881,0 119.00070815,32.23520522,0 119.00037974,32.23578360,0</coordinates></LineString>
    </Placemark>
    <Placemark>
      <name>Scout drone 11</name>
      <Style><LineStyle><color>cc0f766e</color><width>3</width></LineStyle></Style>
      <LineString><tessellate>1</tessellate><coordinates>119.00067538,32.23476860,0 119.00144013,32.23513243,0 119.00198448,32.23431191,0 119.00112872,32.23396468,0 119.00067538,32.23476860,0</coordinates></LineString>
    </Placemark>
    <Placemark>
      <name>Scout drone 12</name>
      <Style><LineStyle><color>cc0f766e</color><width>3</width></LineStyle></Style>
      <LineString><tessellate>1</tessellate><coordinates>119.00130006,32.23399562,0 119.00186289,32.23424624,0 119.00198344,32.23405652,0 119.00175168,32.23391687,0 119.00146425,32.23379106,0 119.00130006,32.23399562,0</coordinates></LineString>
    </Placemark>
    <Placemark>
      <name>Scout drone 13</name>
      <Style><LineStyle><color>cc0f766e</color><width>3</width></LineStyle></Style>
      <LineString><tessellate>1</tessellate><coordinates>118.99394043,32.24381077,0 118.99834632,32.24563159,0 118.99942161,32.24404423,0 118.99961487,32.24364929,0 118.99830376,32.24319458,0 118.99698400,32.24295548,0 118.99707936,32.24238014,0 118.99614491,32.24213356,0 118.99511400,32.24167456,0 118.99460701,32.24206310,0 118.99374832,32.24333826,0 118.99398324,32.24349033,0 118.99391807,32.24361709,0 118.99365482,32.24348182,0 118.99353869,32.24364328,0 118.99394043,32.24381077,0</coordinates></LineString>
    </Placemark>
    <Placemark>
      <name>Scout drone 14</name>
      <Style><LineStyle><color>cc0f766e</color><width>3</width></LineStyle></Style>
      <LineString><tessellate>1</tessellate><coordinates>118.99299056,32.24455740,0 118.99313607,32.24469782,0 118.99338153,32.24476579,0 118.99418300,32.24506626,0 118.99423848,32.24492668,0 118.99342785,32.24435863,0 118.99355984,32.24424379,0 118.99438433,32.24484599,0 118.99483936,32.24430621,0 118.99350605,32.24365774,0 118.99299056,32.24455740,0</coordinates></LineString>
    </Placemark>
    <Placemark>
      <name>Scout drone 15</name>
      <Style><LineStyle><color>cc0f766e</color><width>3</width></LineStyle></Style>
      <LineString><tessellate>1</tessellate><coordinates>118.99452889,32.24486263,0 118.99576773,32.24605031,0 118.99585366,32.24587893,0 118.99557851,32.24574085,0 118.99561699,32.24566443,0 118.99588853,32.24580339,0 118.99643549,32.24494983,0 118.99500024,32.24431585,0 118.99452889,32.24486263,0</coordinates></LineString>
    </Placemark>
    <Placemark>
      <name>Fixed-wing task 1</name>
      <Style><LineStyle><color>cc2626dc</color><width>3</width></LineStyle></Style>
      <LineString><tessellate>1</tessellate><coordinates>118.97496615,32.21071629,0 118.97700086,32.21159321,0</coordinates></LineString>
    </Placemark>
    <Placemark>
      <name>Fixed-wing task 3</name>
      <Style><LineStyle><color>cc2626dc</color><width>3</width></LineStyle></Style>
      <LineString><tessellate>1</tessellate><coordinates>118.97711085,32.21184025,0 118.97834629,32.21237271,0</coordinates></LineString>
    </Placemark>
    <Placemark>
      <name>Fixed-wing task 7</name>
      <Style><LineStyle><color>cc2626dc</color><width>3</width></LineStyle></Style>
      <LineString><tessellate>1</tessellate><coordinates>118.97690514,32.21215083,0 118.98412556,32.21526273,0</coordinates></LineString>
    </Placemark>
    <Placemark>
      <name>Fixed-wing task 12</name>
      <Style><LineStyle><color>cc2626dc</color><width>3</width></LineStyle></Style>
      <LineString><tessellate>1</tessellate><coordinates>118.98715713,32.21696854,0 119.00531352,32.22479368,0</coordinates></LineString>
    </Placemark>
    <Placemark>
      <name>Fixed-wing task 15</name>
      <Style><LineStyle><color>cc2626dc</color><width>3</width></LineStyle></Style>
      <LineString><tessellate>1</tessellate><coordinates>118.98705745,32.21712521,0 119.00520686,32.22494733,0</coordinates></LineString>
    </Placemark>
    <Placemark>
      <name>Fixed-wing task 17</name>
      <Style><LineStyle><color>cc2626dc</color><width>3</width></LineStyle></Style>
      <LineString><tessellate>1</tessellate><coordinates>118.97649370,32.21277201,0 118.98659954,32.21712747,0</coordinates></LineString>
    </Placemark>
    <Placemark>
      <name>Fixed-wing task 18</name>
      <Style><LineStyle><color>cc2626dc</color><width>3</width></LineStyle></Style>
      <LineString><tessellate>1</tessellate><coordinates>118.98695778,32.21728188,0 119.00510020,32.22510099,0</coordinates></LineString>
    </Placemark>
    <Placemark>
      <name>Fixed-wing task 21</name>
      <Style><LineStyle><color>cc2626dc</color><width>3</width></LineStyle></Style>
      <LineString><tessellate>1</tessellate><coordinates>118.98685811,32.21743854,0 119.00499356,32.22525465,0</coordinates></LineString>
    </Placemark>
    <Placemark>
      <name>Fixed-wing task 22</name>
      <Style><LineStyle><color>cc2626dc</color><width>3</width></LineStyle></Style>
      <LineString><tessellate>1</tessellate><coordinates>119.00517071,32.22533100,0 119.01805540,32.23088411,0</coordinates></LineString>
    </Placemark>
    <Placemark>
      <name>Fixed-wing task 25</name>
      <Style><LineStyle><color>cc2626dc</color><width>3</width></LineStyle></Style>
      <LineString><tessellate>1</tessellate><coordinates>118.98675843,32.21759521,0 119.00488690,32.22540831,0</coordinates></LineString>
    </Placemark>
    <Placemark>
      <name>Fixed-wing task 26</name>
      <Style><LineStyle><color>cc2626dc</color><width>3</width></LineStyle></Style>
      <LineString><tessellate>1</tessellate><coordinates>119.00506798,32.22548635,0 119.02649455,32.23472089,0</coordinates></LineString>
    </Placemark>
    <Placemark>
      <name>Fixed-wing task 29</name>
      <Style><LineStyle><color>cc2626dc</color><width>3</width></LineStyle></Style>
      <LineString><tessellate>1</tessellate><coordinates>118.98665875,32.21775187,0 119.00478024,32.22556196,0</coordinates></LineString>
    </Placemark>
    <Placemark>
      <name>Fixed-wing task 30</name>
      <Style><LineStyle><color>cc2626dc</color><width>3</width></LineStyle></Style>
      <LineString><tessellate>1</tessellate><coordinates>119.00496525,32.22564171,0 119.02638978,32.23487535,0</coordinates></LineString>
    </Placemark>
    <Placemark>
      <name>Fixed-wing task 33</name>
      <Style><LineStyle><color>cc2626dc</color><width>3</width></LineStyle></Style>
      <LineString><tessellate>1</tessellate><coordinates>118.98655908,32.21790854,0 119.00467358,32.22571562,0</coordinates></LineString>
    </Placemark>
    <Placemark>
      <name>Fixed-wing task 34</name>
      <Style><LineStyle><color>cc2626dc</color><width>3</width></LineStyle></Style>
      <LineString><tessellate>1</tessellate><coordinates>119.00486253,32.22579705,0 119.02628501,32.23502983,0</coordinates></LineString>
    </Placemark>
    <Placemark>
      <name>Fixed-wing task 37</name>
      <Style><LineStyle><color>cc2626dc</color><width>3</width></LineStyle></Style>
      <LineString><tessellate>1</tessellate><coordinates>118.98645941,32.21806521,0 119.00456692,32.22586928,0</coordinates></LineString>
    </Placemark>
    <Placemark>
      <name>Fixed-wing task 38</name>
      <Style><LineStyle><color>cc2626dc</color><width>3</width></LineStyle></Style>
      <LineString><tessellate>1</tessellate><coordinates>119.00475981,32.22595241,0 119.02618024,32.23518429,0</coordinates></LineString>
    </Placemark>
    <Placemark>
      <name>Fixed-wing task 41</name>
      <Style><LineStyle><color>cc2626dc</color><width>3</width></LineStyle></Style>
      <LineString><tessellate>1</tessellate><coordinates>118.98635973,32.21822187,0 119.00446026,32.22602293,0</coordinates></LineString>
    </Placemark>
    <Placemark>
      <name>Fixed-wing task 42</name>
      <Style><LineStyle><color>cc2626dc</color><width>3</width></LineStyle></Style>
      <LineString><tessellate>1</tessellate><coordinates>119.00465709,32.22610776,0 119.02607546,32.23533876,0</coordinates></LineString>
    </Placemark>
    <Placemark>
      <name>Fixed-wing task 44</name>
      <Style><LineStyle><color>cc2626dc</color><width>3</width></LineStyle></Style>
      <LineString><tessellate>1</tessellate><coordinates>118.97577370,32.21385907,0 118.98592630,32.21823469,0</coordinates></LineString>
    </Placemark>
    <Placemark>
      <name>Fixed-wing task 45</name>
      <Style><LineStyle><color>cc2626dc</color><width>3</width></LineStyle></Style>
      <LineString><tessellate>1</tessellate><coordinates>118.98626006,32.21837854,0 119.00435360,32.22617659,0</coordinates></LineString>
    </Placemark>
    <Placemark>
      <name>Fixed-wing task 46</name>
      <Style><LineStyle><color>cc2626dc</color><width>3</width></LineStyle></Style>
      <LineString><tessellate>1</tessellate><coordinates>119.00455436,32.22626311,0 119.02597069,32.23549323,0</coordinates></LineString>
    </Placemark>
    <Placemark>
      <name>Fixed-wing task 48</name>
      <Style><LineStyle><color>cc2626dc</color><width>3</width></LineStyle></Style>
      <LineString><tessellate>1</tessellate><coordinates>118.97567084,32.21401436,0 118.98583013,32.21839286,0</coordinates></LineString>
    </Placemark>
    <Placemark>
      <name>Fixed-wing task 49</name>
      <Style><LineStyle><color>cc2626dc</color><width>3</width></LineStyle></Style>
      <LineString><tessellate>1</tessellate><coordinates>118.98616039,32.21853521,0 119.00424695,32.22633025,0</coordinates></LineString>
    </Placemark>
    <Placemark>
      <name>Fixed-wing task 50</name>
      <Style><LineStyle><color>cc2626dc</color><width>3</width></LineStyle></Style>
      <LineString><tessellate>1</tessellate><coordinates>119.00445164,32.22641846,0 119.02586591,32.23564770,0</coordinates></LineString>
    </Placemark>
    <Placemark>
      <name>Fixed-wing task 51</name>
      <Style><LineStyle><color>cc2626dc</color><width>3</width></LineStyle></Style>
      <LineString><tessellate>1</tessellate><coordinates>118.96927602,32.21145792,0 118.97534261,32.21407253,0</coordinates></LineString>
    </Placemark>
    <Placemark>
      <name>Fixed-wing task 52</name>
      <Style><LineStyle><color>cc2626dc</color><width>3</width></LineStyle></Style>
      <LineString><tessellate>1</tessellate><coordinates>118.97556798,32.21416965,0 118.98573395,32.21855103,0</coordinates></LineString>
    </Placemark>
    <Placemark>
      <name>Fixed-wing task 53</name>
      <Style><LineStyle><color>cc2626dc</color><width>3</width></LineStyle></Style>
      <LineString><tessellate>1</tessellate><coordinates>118.98606071,32.21869187,0 119.00414030,32.22648390,0</coordinates></LineString>
    </Placemark>
    <Placemark>
      <name>Fixed-wing task 54</name>
      <Style><LineStyle><color>cc2626dc</color><width>3</width></LineStyle></Style>
      <LineString><tessellate>1</tessellate><coordinates>119.00434891,32.22657382,0 119.02576115,32.23580216,0</coordinates></LineString>
    </Placemark>
    <Placemark>
      <name>Fixed-wing task 56</name>
      <Style><LineStyle><color>cc2626dc</color><width>3</width></LineStyle></Style>
      <LineString><tessellate>1</tessellate><coordinates>118.97546513,32.21432495,0 118.98563777,32.21870921,0</coordinates></LineString>
    </Placemark>
    <Placemark>
      <name>Fixed-wing task 57</name>
      <Style><LineStyle><color>cc2626dc</color><width>3</width></LineStyle></Style>
      <LineString><tessellate>1</tessellate><coordinates>118.98596104,32.21884854,0 119.00403364,32.22663756,0</coordinates></LineString>
    </Placemark>
    <Placemark>
      <name>Fixed-wing task 58</name>
      <Style><LineStyle><color>cc2626dc</color><width>3</width></LineStyle></Style>
      <LineString><tessellate>1</tessellate><coordinates>119.00424619,32.22672916,0 119.02565638,32.23595664,0</coordinates></LineString>
    </Placemark>
    <Placemark>
      <name>Fixed-wing task 60</name>
      <Style><LineStyle><color>cc2626dc</color><width>3</width></LineStyle></Style>
      <LineString><tessellate>1</tessellate><coordinates>118.97536227,32.21448025,0 118.98554160,32.21886738,0</coordinates></LineString>
    </Placemark>
    <Placemark>
      <name>Fixed-wing task 61</name>
      <Style><LineStyle><color>cc2626dc</color><width>3</width></LineStyle></Style>
      <LineString><tessellate>1</tessellate><coordinates>118.98586137,32.21900520,0 119.00392698,32.22679122,0</coordinates></LineString>
    </Placemark>
    <Placemark>
      <name>Fixed-wing task 62</name>
      <Style><LineStyle><color>cc2626dc</color><width>3</width></LineStyle></Style>
      <LineString><tessellate>1</tessellate><coordinates>119.00414346,32.22688452,0 119.02555160,32.23611110,0</coordinates></LineString>
    </Placemark>
    <Placemark>
      <name>Fixed-wing task 64</name>
      <Style><LineStyle><color>cc2626dc</color><width>3</width></LineStyle></Style>
      <LineString><tessellate>1</tessellate><coordinates>118.97525942,32.21463554,0 118.98544542,32.21902556,0</coordinates></LineString>
    </Placemark>
    <Placemark>
      <name>Fixed-wing task 65</name>
      <Style><LineStyle><color>cc2626dc</color><width>3</width></LineStyle></Style>
      <LineString><tessellate>1</tessellate><coordinates>118.98576169,32.21916187,0 119.00382032,32.22694487,0</coordinates></LineString>
    </Placemark>
    <Placemark>
      <name>Fixed-wing task 66</name>
      <Style><LineStyle><color>cc2626dc</color><width>3</width></LineStyle></Style>
      <LineString><tessellate>1</tessellate><coordinates>119.00404074,32.22703987,0 119.02544683,32.23626558,0</coordinates></LineString>
    </Placemark>
    <Placemark>
      <name>Fixed-wing task 68</name>
      <Style><LineStyle><color>cc2626dc</color><width>3</width></LineStyle></Style>
      <LineString><tessellate>1</tessellate><coordinates>118.97515656,32.21479083,0 118.98534924,32.21918373,0</coordinates></LineString>
    </Placemark>
    <Placemark>
      <name>Fixed-wing task 69</name>
      <Style><LineStyle><color>cc2626dc</color><width>3</width></LineStyle></Style>
      <LineString><tessellate>1</tessellate><coordinates>118.98566202,32.21931853,0 119.00371366,32.22709852,0</coordinates></LineString>
    </Placemark>
    <Placemark>
      <name>Fixed-wing task 70</name>
      <Style><LineStyle><color>cc2626dc</color><width>3</width></LineStyle></Style>
      <LineString><tessellate>1</tessellate><coordinates>119.00393802,32.22719522,0 119.02534205,32.23642004,0</coordinates></LineString>
    </Placemark>
    <Placemark>
      <name>Fixed-wing task 73</name>
      <Style><LineStyle><color>cc2626dc</color><width>3</width></LineStyle></Style>
      <LineString><tessellate>1</tessellate><coordinates>118.98556235,32.21947519,0 119.00360701,32.22725218,0</coordinates></LineString>
    </Placemark>
    <Placemark>
      <name>Fixed-wing task 74</name>
      <Style><LineStyle><color>cc2626dc</color><width>3</width></LineStyle></Style>
      <LineString><tessellate>1</tessellate><coordinates>119.00383529,32.22735057,0 119.02523728,32.23657451,0</coordinates></LineString>
    </Placemark>
    <Placemark>
      <name>Fixed-wing task 75</name>
      <Style><LineStyle><color>cc2626dc</color><width>3</width></LineStyle></Style>
      <LineString><tessellate>1</tessellate><coordinates>118.96870975,32.21241161,0 118.97472077,32.21500227,0</coordinates></LineString>
    </Placemark>
    <Placemark>
      <name>Fixed-wing task 77</name>
      <Style><LineStyle><color>cc2626dc</color><width>3</width></LineStyle></Style>
      <LineString><tessellate>1</tessellate><coordinates>118.98546267,32.21963186,0 119.00350035,32.22740584,0</coordinates></LineString>
    </Placemark>
    <Placemark>
      <name>Fixed-wing task 78</name>
      <Style><LineStyle><color>cc2626dc</color><width>3</width></LineStyle></Style>
      <LineString><tessellate>1</tessellate><coordinates>119.00373257,32.22750592,0 119.02513250,32.23672898,0</coordinates></LineString>
    </Placemark>
    <Placemark>
      <name>Fixed-wing task 81</name>
      <Style><LineStyle><color>cc2626dc</color><width>3</width></LineStyle></Style>
      <LineString><tessellate>1</tessellate><coordinates>118.98536300,32.21978853,0 119.00339369,32.22755949,0</coordinates></LineString>
    </Placemark>
    <Placemark>
      <name>Fixed-wing task 82</name>
      <Style><LineStyle><color>cc2626dc</color><width>3</width></LineStyle></Style>
      <LineString><tessellate>1</tessellate><coordinates>119.00362984,32.22766127,0 119.02502774,32.23688345,0</coordinates></LineString>
    </Placemark>
    <Placemark>
      <name>Fixed-wing task 85</name>
      <Style><LineStyle><color>cc2626dc</color><width>3</width></LineStyle></Style>
      <LineString><tessellate>1</tessellate><coordinates>118.98526333,32.21994519,0 119.00328704,32.22771315,0</coordinates></LineString>
    </Placemark>
    <Placemark>
      <name>Fixed-wing task 86</name>
      <Style><LineStyle><color>cc2626dc</color><width>3</width></LineStyle></Style>
      <LineString><tessellate>1</tessellate><coordinates>119.00352712,32.22781663,0 119.02492297,32.23703791,0</coordinates></LineString>
    </Placemark>
    <Placemark>
      <name>Fixed-wing task 89</name>
      <Style><LineStyle><color>cc2626dc</color><width>3</width></LineStyle></Style>
      <LineString><tessellate>1</tessellate><coordinates>118.98516364,32.22010186,0 119.00318038,32.22786681,0</coordinates></LineString>
    </Placemark>
    <Placemark>
      <name>Fixed-wing task 90</name>
      <Style><LineStyle><color>cc2626dc</color><width>3</width></LineStyle></Style>
      <LineString><tessellate>1</tessellate><coordinates>119.00342439,32.22797197,0 119.02481819,32.23719239,0</coordinates></LineString>
    </Placemark>
    <Placemark>
      <name>Fixed-wing task 93</name>
      <Style><LineStyle><color>cc2626dc</color><width>3</width></LineStyle></Style>
      <LineString><tessellate>1</tessellate><coordinates>118.98506397,32.22025852,0 119.00307372,32.22802046,0</coordinates></LineString>
    </Placemark>
    <Placemark>
      <name>Fixed-wing task 94</name>
      <Style><LineStyle><color>cc2626dc</color><width>3</width></LineStyle></Style>
      <LineString><tessellate>1</tessellate><coordinates>119.00332167,32.22812733,0 119.02471342,32.23734685,0</coordinates></LineString>
    </Placemark>
    <Placemark>
      <name>Fixed-wing task 97</name>
      <Style><LineStyle><color>cc2626dc</color><width>3</width></LineStyle></Style>
      <LineString><tessellate>1</tessellate><coordinates>118.98496430,32.22041519,0 119.00296706,32.22817412,0</coordinates></LineString>
    </Placemark>
    <Placemark>
      <name>Fixed-wing task 98</name>
      <Style><LineStyle><color>cc2626dc</color><width>3</width></LineStyle></Style>
      <LineString><tessellate>1</tessellate><coordinates>119.00321894,32.22828268,0 119.02460864,32.23750133,0</coordinates></LineString>
    </Placemark>
    <Placemark>
      <name>Fixed-wing task 101</name>
      <Style><LineStyle><color>cc2626dc</color><width>3</width></LineStyle></Style>
      <LineString><tessellate>1</tessellate><coordinates>118.98486462,32.22057186,0 119.00286041,32.22832778,0</coordinates></LineString>
    </Placemark>
    <Placemark>
      <name>Fixed-wing task 102</name>
      <Style><LineStyle><color>cc2626dc</color><width>3</width></LineStyle></Style>
      <LineString><tessellate>1</tessellate><coordinates>119.00311623,32.22843803,0 119.02450387,32.23765579,0</coordinates></LineString>
    </Placemark>
    <Placemark>
      <name>Fixed-wing task 105</name>
      <Style><LineStyle><color>cc2626dc</color><width>3</width></LineStyle></Style>
      <LineString><tessellate>1</tessellate><coordinates>118.98476495,32.22072852,0 119.00275375,32.22848143,0</coordinates></LineString>
    </Placemark>
    <Placemark>
      <name>Fixed-wing task 106</name>
      <Style><LineStyle><color>cc2626dc</color><width>3</width></LineStyle></Style>
      <LineString><tessellate>1</tessellate><coordinates>119.00301350,32.22859338,0 119.02439910,32.23781026,0</coordinates></LineString>
    </Placemark>
    <Placemark>
      <name>Fixed-wing task 109</name>
      <Style><LineStyle><color>cc2626dc</color><width>3</width></LineStyle></Style>
      <LineString><tessellate>1</tessellate><coordinates>118.98466528,32.22088519,0 119.00264709,32.22863509,0</coordinates></LineString>
    </Placemark>
    <Placemark>
      <name>Fixed-wing task 110</name>
      <Style><LineStyle><color>cc2626dc</color><width>3</width></LineStyle></Style>
      <LineString><tessellate>1</tessellate><coordinates>119.00291078,32.22874874,0 119.02429433,32.23796473,0</coordinates></LineString>
    </Placemark>
    <Placemark>
      <name>Fixed-wing task 113</name>
      <Style><LineStyle><color>cc2626dc</color><width>3</width></LineStyle></Style>
      <LineString><tessellate>1</tessellate><coordinates>118.98456560,32.22104186,0 119.00254043,32.22878875,0</coordinates></LineString>
    </Placemark>
    <Placemark>
      <name>Fixed-wing task 114</name>
      <Style><LineStyle><color>cc2626dc</color><width>3</width></LineStyle></Style>
      <LineString><tessellate>1</tessellate><coordinates>119.00280805,32.22890408,0 119.02418956,32.23811920,0</coordinates></LineString>
    </Placemark>
    <Placemark>
      <name>Fixed-wing task 116</name>
      <Style><LineStyle><color>cc2626dc</color><width>3</width></LineStyle></Style>
      <LineString><tessellate>1</tessellate><coordinates>118.97392226,32.21665436,0 118.98419513,32.22108181,0</coordinates></LineString>
    </Placemark>
    <Placemark>
      <name>Fixed-wing task 117</name>
      <Style><LineStyle><color>cc2626dc</color><width>3</width></LineStyle></Style>
      <LineString><tessellate>1</tessellate><coordinates>118.98446593,32.22119852,0 119.00243378,32.22894240,0</coordinates></LineString>
    </Placemark>
    <Placemark>
      <name>Fixed-wing task 118</name>
      <Style><LineStyle><color>cc2626dc</color><width>3</width></LineStyle></Style>
      <LineString><tessellate>1</tessellate><coordinates>119.00270533,32.22905944,0 119.02408478,32.23827366,0</coordinates></LineString>
    </Placemark>
    <Placemark>
      <name>Fixed-wing task 121</name>
      <Style><LineStyle><color>cc2626dc</color><width>3</width></LineStyle></Style>
      <LineString><tessellate>1</tessellate><coordinates>118.98436626,32.22135519,0 119.00232712,32.22909606,0</coordinates></LineString>
    </Placemark>
    <Placemark>
      <name>Fixed-wing task 122</name>
      <Style><LineStyle><color>cc2626dc</color><width>3</width></LineStyle></Style>
      <LineString><tessellate>1</tessellate><coordinates>119.00260260,32.22921479,0 119.02398001,32.23842814,0</coordinates></LineString>
    </Placemark>
    <Placemark>
      <name>Fixed-wing task 125</name>
      <Style><LineStyle><color>cc2626dc</color><width>3</width></LineStyle></Style>
      <LineString><tessellate>1</tessellate><coordinates>118.98426658,32.22151185,0 119.00222047,32.22924972,0</coordinates></LineString>
    </Placemark>
    <Placemark>
      <name>Fixed-wing task 126</name>
      <Style><LineStyle><color>cc2626dc</color><width>3</width></LineStyle></Style>
      <LineString><tessellate>1</tessellate><coordinates>119.00249987,32.22937014,0 119.02387523,32.23858260,0</coordinates></LineString>
    </Placemark>
    <Placemark>
      <name>Fixed-wing task 129</name>
      <Style><LineStyle><color>cc2626dc</color><width>3</width></LineStyle></Style>
      <LineString><tessellate>1</tessellate><coordinates>118.98416691,32.22166852,0 119.00211381,32.22940337,0</coordinates></LineString>
    </Placemark>
    <Placemark>
      <name>Fixed-wing task 130</name>
      <Style><LineStyle><color>cc2626dc</color><width>3</width></LineStyle></Style>
      <LineString><tessellate>1</tessellate><coordinates>119.00239715,32.22952549,0 119.02377046,32.23873708,0</coordinates></LineString>
    </Placemark>
    <Placemark>
      <name>Fixed-wing task 133</name>
      <Style><LineStyle><color>cc2626dc</color><width>3</width></LineStyle></Style>
      <LineString><tessellate>1</tessellate><coordinates>118.98406724,32.22182519,0 119.00200715,32.22955703,0</coordinates></LineString>
    </Placemark>
    <Placemark>
      <name>Fixed-wing task 134</name>
      <Style><LineStyle><color>cc2626dc</color><width>3</width></LineStyle></Style>
      <LineString><tessellate>1</tessellate><coordinates>119.00229442,32.22968085,0 119.02366570,32.23889154,0</coordinates></LineString>
    </Placemark>
    <Placemark>
      <name>Fixed-wing task 137</name>
      <Style><LineStyle><color>cc2626dc</color><width>3</width></LineStyle></Style>
      <LineString><tessellate>1</tessellate><coordinates>118.98396756,32.22198185,0 119.00190049,32.22971069,0</coordinates></LineString>
    </Placemark>
    <Placemark>
      <name>Fixed-wing task 138</name>
      <Style><LineStyle><color>cc2626dc</color><width>3</width></LineStyle></Style>
      <LineString><tessellate>1</tessellate><coordinates>119.00219171,32.22983619,0 119.02356092,32.23904601,0</coordinates></LineString>
    </Placemark>
    <Placemark>
      <name>Fixed-wing task 141</name>
      <Style><LineStyle><color>cc2626dc</color><width>3</width></LineStyle></Style>
      <LineString><tessellate>1</tessellate><coordinates>118.98386789,32.22213852,0 119.00179383,32.22986434,0</coordinates></LineString>
    </Placemark>
    <Placemark>
      <name>Fixed-wing task 142</name>
      <Style><LineStyle><color>cc2626dc</color><width>3</width></LineStyle></Style>
      <LineString><tessellate>1</tessellate><coordinates>119.00208898,32.22999155,0 119.02345615,32.23920048,0</coordinates></LineString>
    </Placemark>
    <Placemark>
      <name>Fixed-wing task 145</name>
      <Style><LineStyle><color>cc2626dc</color><width>3</width></LineStyle></Style>
      <LineString><tessellate>1</tessellate><coordinates>118.98376822,32.22229518,0 119.00168717,32.23001800,0</coordinates></LineString>
    </Placemark>
    <Placemark>
      <name>Fixed-wing task 146</name>
      <Style><LineStyle><color>cc2626dc</color><width>3</width></LineStyle></Style>
      <LineString><tessellate>1</tessellate><coordinates>119.00198626,32.23014690,0 119.02335137,32.23935495,0</coordinates></LineString>
    </Placemark>
    <Placemark>
      <name>Fixed-wing task 149</name>
      <Style><LineStyle><color>cc2626dc</color><width>3</width></LineStyle></Style>
      <LineString><tessellate>1</tessellate><coordinates>118.98366853,32.22245185,0 119.00158052,32.23017166,0</coordinates></LineString>
    </Placemark>
    <Placemark>
      <name>Fixed-wing task 150</name>
      <Style><LineStyle><color>cc2626dc</color><width>3</width></LineStyle></Style>
      <LineString><tessellate>1</tessellate><coordinates>119.00188353,32.23030225,0 119.02324660,32.23950942,0</coordinates></LineString>
    </Placemark>
    <Placemark>
      <name>Fixed-wing task 153</name>
      <Style><LineStyle><color>cc2626dc</color><width>3</width></LineStyle></Style>
      <LineString><tessellate>1</tessellate><coordinates>118.98356886,32.22260852,0 119.00147387,32.23032531,0</coordinates></LineString>
    </Placemark>
    <Placemark>
      <name>Fixed-wing task 154</name>
      <Style><LineStyle><color>cc2626dc</color><width>3</width></LineStyle></Style>
      <LineString><tessellate>1</tessellate><coordinates>119.00178081,32.23045760,0 119.02314182,32.23966389,0</coordinates></LineString>
    </Placemark>
    <Placemark>
      <name>Fixed-wing task 157</name>
      <Style><LineStyle><color>cc2626dc</color><width>3</width></LineStyle></Style>
      <LineString><tessellate>1</tessellate><coordinates>118.98346919,32.22276518,0 119.00136721,32.23047897,0</coordinates></LineString>
    </Placemark>
    <Placemark>
      <name>Fixed-wing task 158</name>
      <Style><LineStyle><color>cc2626dc</color><width>3</width></LineStyle></Style>
      <LineString><tessellate>1</tessellate><coordinates>119.00167808,32.23061296,0 119.02303706,32.23981835,0</coordinates></LineString>
    </Placemark>
    <Placemark>
      <name>Fixed-wing task 161</name>
      <Style><LineStyle><color>cc2626dc</color><width>3</width></LineStyle></Style>
      <LineString><tessellate>1</tessellate><coordinates>118.98336951,32.22292185,0 119.00126055,32.23063263,0</coordinates></LineString>
    </Placemark>
    <Placemark>
      <name>Fixed-wing task 162</name>
      <Style><LineStyle><color>cc2626dc</color><width>3</width></LineStyle></Style>
      <LineString><tessellate>1</tessellate><coordinates>119.00157536,32.23076830,0 119.02293229,32.23997283,0</coordinates></LineString>
    </Placemark>
    <Placemark>
      <name>Fixed-wing task 165</name>
      <Style><LineStyle><color>cc2626dc</color><width>3</width></LineStyle></Style>
      <LineString><tessellate>1</tessellate><coordinates>118.98326984,32.22307852,0 119.00115389,32.23078629,0</coordinates></LineString>
    </Placemark>
    <Placemark>
      <name>Fixed-wing task 166</name>
      <Style><LineStyle><color>cc2626dc</color><width>3</width></LineStyle></Style>
      <LineString><tessellate>1</tessellate><coordinates>119.00147263,32.23092366,0 119.02282751,32.24012729,0</coordinates></LineString>
    </Placemark>
    <Placemark>
      <name>Fixed-wing task 169</name>
      <Style><LineStyle><color>cc2626dc</color><width>3</width></LineStyle></Style>
      <LineString><tessellate>1</tessellate><coordinates>118.98317017,32.22323518,0 119.00104723,32.23093993,0</coordinates></LineString>
    </Placemark>
    <Placemark>
      <name>Fixed-wing task 170</name>
      <Style><LineStyle><color>cc2626dc</color><width>3</width></LineStyle></Style>
      <LineString><tessellate>1</tessellate><coordinates>119.00136992,32.23107901,0 119.02272274,32.24028176,0</coordinates></LineString>
    </Placemark>
    <Placemark>
      <name>Fixed-wing task 172</name>
      <Style><LineStyle><color>cc2626dc</color><width>3</width></LineStyle></Style>
      <LineString><tessellate>1</tessellate><coordinates>118.97248225,32.21882847,0 118.98284866,32.22329624,0</coordinates></LineString>
    </Placemark>
    <Placemark>
      <name>Fixed-wing task 173</name>
      <Style><LineStyle><color>cc2626dc</color><width>3</width></LineStyle></Style>
      <LineString><tessellate>1</tessellate><coordinates>118.98307049,32.22339185,0 119.00094057,32.23109359,0</coordinates></LineString>
    </Placemark>
    <Placemark>
      <name>Fixed-wing task 174</name>
      <Style><LineStyle><color>cc2626dc</color><width>3</width></LineStyle></Style>
      <LineString><tessellate>1</tessellate><coordinates>119.00126719,32.23123436,0 119.02261796,32.24043623,0</coordinates></LineString>
    </Placemark>
    <Placemark>
      <name>Fixed-wing task 176</name>
      <Style><LineStyle><color>cc2626dc</color><width>3</width></LineStyle></Style>
      <LineString><tessellate>1</tessellate><coordinates>118.97237939,32.21898377,0 118.98275248,32.22345442,0</coordinates></LineString>
    </Placemark>
    <Placemark>
      <name>Fixed-wing task 177</name>
      <Style><LineStyle><color>cc2626dc</color><width>3</width></LineStyle></Style>
      <LineString><tessellate>1</tessellate><coordinates>118.98297082,32.22354851,0 119.00083393,32.23124725,0</coordinates></LineString>
    </Placemark>
    <Placemark>
      <name>Fixed-wing task 178</name>
      <Style><LineStyle><color>cc2626dc</color><width>3</width></LineStyle></Style>
      <LineString><tessellate>1</tessellate><coordinates>119.00116446,32.23138971,0 119.02251319,32.24059070,0</coordinates></LineString>
    </Placemark>
    <Placemark>
      <name>Fixed-wing task 180</name>
      <Style><LineStyle><color>cc2626dc</color><width>3</width></LineStyle></Style>
      <LineString><tessellate>1</tessellate><coordinates>118.97227653,32.21913906,0 118.98265630,32.22361259,0</coordinates></LineString>
    </Placemark>
    <Placemark>
      <name>Fixed-wing task 181</name>
      <Style><LineStyle><color>cc2626dc</color><width>3</width></LineStyle></Style>
      <LineString><tessellate>1</tessellate><coordinates>118.98287115,32.22370518,0 119.00072727,32.23140090,0</coordinates></LineString>
    </Placemark>
    <Placemark>
      <name>Fixed-wing task 182</name>
      <Style><LineStyle><color>cc2626dc</color><width>3</width></LineStyle></Style>
      <LineString><tessellate>1</tessellate><coordinates>119.00106174,32.23154506,0 119.02240842,32.24074517,0</coordinates></LineString>
    </Placemark>
    <Placemark>
      <name>Fixed-wing task 184</name>
      <Style><LineStyle><color>cc2626dc</color><width>3</width></LineStyle></Style>
      <LineString><tessellate>1</tessellate><coordinates>118.97217368,32.21929435,0 118.98256013,32.22377077,0</coordinates></LineString>
    </Placemark>
    <Placemark>
      <name>Fixed-wing task 185</name>
      <Style><LineStyle><color>cc2626dc</color><width>3</width></LineStyle></Style>
      <LineString><tessellate>1</tessellate><coordinates>118.98277147,32.22386185,0 119.00062061,32.23155456,0</coordinates></LineString>
    </Placemark>
    <Placemark>
      <name>Fixed-wing task 186</name>
      <Style><LineStyle><color>cc2626dc</color><width>3</width></LineStyle></Style>
      <LineString><tessellate>1</tessellate><coordinates>119.00095901,32.23170041,0 119.02230365,32.24089964,0</coordinates></LineString>
    </Placemark>
    <Placemark>
      <name>Fixed-wing task 188</name>
      <Style><LineStyle><color>cc2626dc</color><width>3</width></LineStyle></Style>
      <LineString><tessellate>1</tessellate><coordinates>118.97207082,32.21944965,0 118.98246395,32.22392893,0</coordinates></LineString>
    </Placemark>
    <Placemark>
      <name>Fixed-wing task 189</name>
      <Style><LineStyle><color>cc2626dc</color><width>3</width></LineStyle></Style>
      <LineString><tessellate>1</tessellate><coordinates>118.98267180,32.22401851,0 119.00051395,32.23170822,0</coordinates></LineString>
    </Placemark>
    <Placemark>
      <name>Fixed-wing task 190</name>
      <Style><LineStyle><color>cc2626dc</color><width>3</width></LineStyle></Style>
      <LineString><tessellate>1</tessellate><coordinates>119.00085629,32.23185577,0 119.02219888,32.24105410,0</coordinates></LineString>
    </Placemark>
    <Placemark>
      <name>Fixed-wing task 192</name>
      <Style><LineStyle><color>cc2626dc</color><width>3</width></LineStyle></Style>
      <LineString><tessellate>1</tessellate><coordinates>118.97196795,32.21960495,0 118.98236777,32.22408711,0</coordinates></LineString>
    </Placemark>
    <Placemark>
      <name>Fixed-wing task 193</name>
      <Style><LineStyle><color>cc2626dc</color><width>3</width></LineStyle></Style>
      <LineString><tessellate>1</tessellate><coordinates>118.98257213,32.22417518,0 119.00040729,32.23186187,0</coordinates></LineString>
    </Placemark>
    <Placemark>
      <name>Fixed-wing task 194</name>
      <Style><LineStyle><color>cc2626dc</color><width>3</width></LineStyle></Style>
      <LineString><tessellate>1</tessellate><coordinates>119.00075356,32.23201111,0 119.02209410,32.24120858,0</coordinates></LineString>
    </Placemark>
    <Placemark>
      <name>Fixed-wing task 197</name>
      <Style><LineStyle><color>cc2626dc</color><width>3</width></LineStyle></Style>
      <LineString><tessellate>1</tessellate><coordinates>118.98247245,32.22433185,0 119.00030063,32.23201553,0</coordinates></LineString>
    </Placemark>
    <Placemark>
      <name>Fixed-wing task 198</name>
      <Style><LineStyle><color>cc2626dc</color><width>3</width></LineStyle></Style>
      <LineString><tessellate>1</tessellate><coordinates>119.00065084,32.23216647,0 119.02198933,32.24136304,0</coordinates></LineString>
    </Placemark>
    <Placemark>
      <name>Fixed-wing task 200</name>
      <Style><LineStyle><color>cc2626dc</color><width>3</width></LineStyle></Style>
      <LineString><tessellate>1</tessellate><coordinates>118.98237278,32.22448851,0 119.00019397,32.23216919,0</coordinates></LineString>
    </Placemark>
    <Placemark>
      <name>Fixed-wing task 201</name>
      <Style><LineStyle><color>cc2626dc</color><width>3</width></LineStyle></Style>
      <LineString><tessellate>1</tessellate><coordinates>119.00416736,32.23388166,0 119.02188455,32.24151751,0</coordinates></LineString>
    </Placemark>
    <Placemark>
      <name>Fixed-wing task 203</name>
      <Style><LineStyle><color>cc2626dc</color><width>3</width></LineStyle></Style>
      <LineString><tessellate>1</tessellate><coordinates>118.96517983,32.21787710,0 118.98049741,32.22447876,0</coordinates></LineString>
    </Placemark>
    <Placemark>
      <name>Fixed-wing task 204</name>
      <Style><LineStyle><color>cc2626dc</color><width>3</width></LineStyle></Style>
      <LineString><tessellate>1</tessellate><coordinates>118.96508528,32.21803598,0 118.99907293,32.23268416,0</coordinates></LineString>
    </Placemark>
    <Placemark>
      <name>Fixed-wing task 205</name>
      <Style><LineStyle><color>cc2626dc</color><width>3</width></LineStyle></Style>
      <LineString><tessellate>1</tessellate><coordinates>118.96499073,32.21819485,0 118.99972715,32.23316574,0</coordinates></LineString>
    </Placemark>
    <Placemark>
      <name>Fixed-wing task 206</name>
      <Style><LineStyle><color>cc2626dc</color><width>3</width></LineStyle></Style>
      <LineString><tessellate>1</tessellate><coordinates>119.00139070,32.23388271,0 119.00194272,32.23412062,0</coordinates></LineString>
    </Placemark>
    <Placemark>
      <name>Fixed-wing task 207</name>
      <Style><LineStyle><color>cc2626dc</color><width>3</width></LineStyle></Style>
      <LineString><tessellate>1</tessellate><coordinates>118.96489618,32.21835373,0 118.99962706,32.23332222,0</coordinates></LineString>
    </Placemark>
    <Placemark>
      <name>Fixed-wing task 208</name>
      <Style><LineStyle><color>cc2626dc</color><width>3</width></LineStyle></Style>
      <LineString><tessellate>1</tessellate><coordinates>119.00112656,32.23396850,0 119.00197090,32.23433238,0</coordinates></LineString>
    </Placemark>
    <Placemark>
      <name>Fixed-wing task 209</name>
      <Style><LineStyle><color>cc2626dc</color><width>3</width></LineStyle></Style>
      <LineString><tessellate>1</tessellate><coordinates>118.96480164,32.21851260,0 118.99952695,32.23347871,0</coordinates></LineString>
    </Placemark>
    <Placemark>
      <name>Fixed-wing task 210</name>
      <Style><LineStyle><color>cc2626dc</color><width>3</width></LineStyle></Style>
      <LineString><tessellate>1</tessellate><coordinates>119.00103601,32.23412909,0 119.00186792,32.23448762,0</coordinates></LineString>
    </Placemark>
    <Placemark>
      <name>Fixed-wing task 211</name>
      <Style><LineStyle><color>cc2626dc</color><width>3</width></LineStyle></Style>
      <LineString><tessellate>1</tessellate><coordinates>118.96470709,32.21867148,0 118.99942686,32.23363518,0</coordinates></LineString>
    </Placemark>
    <Placemark>
      <name>Fixed-wing task 212</name>
      <Style><LineStyle><color>cc2626dc</color><width>3</width></LineStyle></Style>
      <LineString><tessellate>1</tessellate><coordinates>119.00094545,32.23428968,0 119.00176492,32.23464286,0</coordinates></LineString>
    </Placemark>
    <Placemark>
      <name>Fixed-wing task 213</name>
      <Style><LineStyle><color>cc2626dc</color><width>3</width></LineStyle></Style>
      <LineString><tessellate>1</tessellate><coordinates>118.96461254,32.21883036,0 118.99932675,32.23379167,0</coordinates></LineString>
    </Placemark>
    <Placemark>
      <name>Fixed-wing task 214</name>
      <Style><LineStyle><color>cc2626dc</color><width>3</width></LineStyle></Style>
      <LineString><tessellate>1</tessellate><coordinates>119.00085489,32.23445027,0 119.00166194,32.23479810,0</coordinates></LineString>
    </Placemark>
    <Placemark>
      <name>Fixed-wing task 215</name>
      <Style><LineStyle><color>cc2626dc</color><width>3</width></LineStyle></Style>
      <LineString><tessellate>1</tessellate><coordinates>118.96451800,32.21898923,0 118.99922665,32.23394815,0</coordinates></LineString>
    </Placemark>
    <Placemark>
      <name>Fixed-wing task 216</name>
      <Style><LineStyle><color>cc2626dc</color><width>3</width></LineStyle></Style>
      <LineString><tessellate>1</tessellate><coordinates>119.00081459,32.23463253,0 119.00150869,32.23493168,0</coordinates></LineString>
    </Placemark>
    <Placemark>
      <name>Fixed-wing task 217</name>
      <Style><LineStyle><color>cc2626dc</color><width>3</width></LineStyle></Style>
      <LineString><tessellate>1</tessellate><coordinates>118.96442344,32.21914811,0 118.99912655,32.23410464,0</coordinates></LineString>
    </Placemark>
    <Placemark>
      <name>Fixed-wing task 218</name>
      <Style><LineStyle><color>cc2626dc</color><width>3</width></LineStyle></Style>
      <LineString><tessellate>1</tessellate><coordinates>118.96432889,32.21930698,0 118.99902645,32.23426111,0</coordinates></LineString>
    </Placemark>
    <Placemark>
      <name>Fixed-wing task 219</name>
      <Style><LineStyle><color>cc2626dc</color><width>3</width></LineStyle></Style>
      <LineString><tessellate>1</tessellate><coordinates>118.96423435,32.21946586,0 118.99892635,32.23441760,0</coordinates></LineString>
    </Placemark>
    <Placemark>
      <name>Fixed-wing task 220</name>
      <Style><LineStyle><color>cc2626dc</color><width>3</width></LineStyle></Style>
      <LineString><tessellate>1</tessellate><coordinates>118.99945224,32.23464424,0 119.00057969,32.23513016,0</coordinates></LineString>
    </Placemark>
    <Placemark>
      <name>Fixed-wing task 221</name>
      <Style><LineStyle><color>cc2626dc</color><width>3</width></LineStyle></Style>
      <LineString><tessellate>1</tessellate><coordinates>118.96413980,32.21962474,0 118.99882625,32.23457408,0</coordinates></LineString>
    </Placemark>
    <Placemark>
      <name>Fixed-wing task 222</name>
      <Style><LineStyle><color>cc2626dc</color><width>3</width></LineStyle></Style>
      <LineString><tessellate>1</tessellate><coordinates>118.99938852,32.23481642,0 119.00050977,32.23529965,0</coordinates></LineString>
    </Placemark>
    <Placemark>
      <name>Fixed-wing task 223</name>
      <Style><LineStyle><color>cc2626dc</color><width>3</width></LineStyle></Style>
      <LineString><tessellate>1</tessellate><coordinates>119.00062607,32.23534977,0 119.00191402,32.23590487,0</coordinates></LineString>
    </Placemark>
    <Placemark>
      <name>Fixed-wing task 224</name>
      <Style><LineStyle><color>cc2626dc</color><width>3</width></LineStyle></Style>
      <LineString><tessellate>1</tessellate><coordinates>118.96404525,32.21978361,0 118.99872615,32.23473056,0</coordinates></LineString>
    </Placemark>
    <Placemark>
      <name>Fixed-wing task 225</name>
      <Style><LineStyle><color>cc2626dc</color><width>3</width></LineStyle></Style>
      <LineString><tessellate>1</tessellate><coordinates>118.99932481,32.23498858,0 119.00043983,32.23546914,0</coordinates></LineString>
    </Placemark>
    <Placemark>
      <name>Fixed-wing task 226</name>
      <Style><LineStyle><color>cc2626dc</color><width>3</width></LineStyle></Style>
      <LineString><tessellate>1</tessellate><coordinates>119.00053501,32.23551016,0 119.00181662,32.23606251,0</coordinates></LineString>
    </Placemark>
    <Placemark>
      <name>Fixed-wing task 227</name>
      <Style><LineStyle><color>cc2626dc</color><width>3</width></LineStyle></Style>
      <LineString><tessellate>1</tessellate><coordinates>118.96395071,32.21994249,0 118.99862605,32.23488705,0</coordinates></LineString>
    </Placemark>
    <Placemark>
      <name>Fixed-wing task 228</name>
      <Style><LineStyle><color>cc2626dc</color><width>3</width></LineStyle></Style>
      <LineString><tessellate>1</tessellate><coordinates>118.99945910,32.23524608,0 119.00017190,32.23555329,0</coordinates></LineString>
    </Placemark>
    <Placemark>
      <name>Fixed-wing task 229</name>
      <Style><LineStyle><color>cc2626dc</color><width>3</width></LineStyle></Style>
      <LineString><tessellate>1</tessellate><coordinates>119.00044394,32.23567053,0 119.00171921,32.23622016,0</coordinates></LineString>
    </Placemark>
    <Placemark>
      <name>Fixed-wing task 230</name>
      <Style><LineStyle><color>cc2626dc</color><width>3</width></LineStyle></Style>
      <LineString><tessellate>1</tessellate><coordinates>118.96385616,32.22010136,0 118.99852595,32.23504353,0</coordinates></LineString>
    </Placemark>
    <Placemark>
      <name>Fixed-wing task 231</name>
      <Style><LineStyle><color>cc2626dc</color><width>3</width></LineStyle></Style>
      <LineString><tessellate>1</tessellate><coordinates>118.96376161,32.22026023,0 118.99842585,32.23520001,0</coordinates></LineString>
    </Placemark>
    <Placemark>
      <name>Fixed-wing task 232</name>
      <Style><LineStyle><color>cc2626dc</color><width>3</width></LineStyle></Style>
      <LineString><tessellate>1</tessellate><coordinates>118.99994773,32.23585592,0 119.00050912,32.23609787,0</coordinates></LineString>
    </Placemark>
    <Placemark>
      <name>Fixed-wing task 233</name>
      <Style><LineStyle><color>cc2626dc</color><width>3</width></LineStyle></Style>
      <LineString><tessellate>1</tessellate><coordinates>118.96366706,32.22041911,0 118.99832574,32.23535649,0</coordinates></LineString>
    </Placemark>
    <Placemark>
      <name>Fixed-wing task 234</name>
      <Style><LineStyle><color>cc2626dc</color><width>3</width></LineStyle></Style>
      <LineString><tessellate>1</tessellate><coordinates>118.99985282,32.23601463,0 119.00049383,32.23629091,0</coordinates></LineString>
    </Placemark>
    <Placemark>
      <name>Fixed-wing task 235</name>
      <Style><LineStyle><color>cc2626dc</color><width>3</width></LineStyle></Style>
      <LineString><tessellate>1</tessellate><coordinates>118.96357251,32.22057798,0 118.99822565,32.23551298,0</coordinates></LineString>
    </Placemark>
    <Placemark>
      <name>Fixed-wing task 236</name>
      <Style><LineStyle><color>cc2626dc</color><width>3</width></LineStyle></Style>
      <LineString><tessellate>1</tessellate><coordinates>118.99975790,32.23617336,0 119.00039461,32.23644776,0</coordinates></LineString>
    </Placemark>
    <Placemark>
      <name>Fixed-wing task 237</name>
      <Style><LineStyle><color>cc2626dc</color><width>3</width></LineStyle></Style>
      <LineString><tessellate>1</tessellate><coordinates>118.96347796,32.22073686,0 118.99812554,32.23566946,0</coordinates></LineString>
    </Placemark>
    <Placemark>
      <name>Fixed-wing task 238</name>
      <Style><LineStyle><color>cc2626dc</color><width>3</width></LineStyle></Style>
      <LineString><tessellate>1</tessellate><coordinates>118.99966299,32.23633207,0 119.00030632,32.23660934,0</coordinates></LineString>
    </Placemark>
    <Placemark>
      <name>Fixed-wing task 239</name>
      <Style><LineStyle><color>cc2626dc</color><width>3</width></LineStyle></Style>
      <LineString><tessellate>1</tessellate><coordinates>118.96338342,32.22089574,0 118.99802545,32.23582594,0</coordinates></LineString>
    </Placemark>
    <Placemark>
      <name>Fixed-wing task 240</name>
      <Style><LineStyle><color>cc2626dc</color><width>3</width></LineStyle></Style>
      <LineString><tessellate>1</tessellate><coordinates>118.99860318,32.23607493,0 119.00116554,32.23717927,0</coordinates></LineString>
    </Placemark>
    <Placemark>
      <name>Fixed-wing task 241</name>
      <Style><LineStyle><color>cc2626dc</color><width>3</width></LineStyle></Style>
      <LineString><tessellate>1</tessellate><coordinates>118.96328887,32.22105461,0 118.99792534,32.23598242,0</coordinates></LineString>
    </Placemark>
    <Placemark>
      <name>Fixed-wing task 242</name>
      <Style><LineStyle><color>cc2626dc</color><width>3</width></LineStyle></Style>
      <LineString><tessellate>1</tessellate><coordinates>118.99850015,32.23623016,0 119.00109165,32.23734705,0</coordinates></LineString>
    </Placemark>
    <Placemark>
      <name>Fixed-wing task 243</name>
      <Style><LineStyle><color>cc2626dc</color><width>3</width></LineStyle></Style>
      <LineString><tessellate>1</tessellate><coordinates>118.96319432,32.22121349,0 118.99782525,32.23613891,0</coordinates></LineString>
    </Placemark>
    <Placemark>
      <name>Fixed-wing task 244</name>
      <Style><LineStyle><color>cc2626dc</color><width>3</width></LineStyle></Style>
      <LineString><tessellate>1</tessellate><coordinates>118.99839713,32.23638538,0 119.00101774,32.23751482,0</coordinates></LineString>
    </Placemark>
    <Placemark>
      <name>Fixed-wing task 245</name>
      <Style><LineStyle><color>cc2626dc</color><width>3</width></LineStyle></Style>
      <LineString><tessellate>1</tessellate><coordinates>118.96309978,32.22137236,0 118.99772514,32.23629538,0</coordinates></LineString>
    </Placemark>
    <Placemark>
      <name>Fixed-wing task 246</name>
      <Style><LineStyle><color>cc2626dc</color><width>3</width></LineStyle></Style>
      <LineString><tessellate>1</tessellate><coordinates>118.99829411,32.23654061,0 119.00094384,32.23768260,0</coordinates></LineString>
    </Placemark>
    <Placemark>
      <name>Fixed-wing task 247</name>
      <Style><LineStyle><color>cc2626dc</color><width>3</width></LineStyle></Style>
      <LineString><tessellate>1</tessellate><coordinates>118.96300522,32.22153124,0 118.99762505,32.23645187,0</coordinates></LineString>
    </Placemark>
    <Placemark>
      <name>Fixed-wing task 248</name>
      <Style><LineStyle><color>cc2626dc</color><width>3</width></LineStyle></Style>
      <LineString><tessellate>1</tessellate><coordinates>118.99836801,32.23677207,0 119.00069301,32.23777412,0</coordinates></LineString>
    </Placemark>
    <Placemark>
      <name>Fixed-wing task 249</name>
      <Style><LineStyle><color>cc2626dc</color><width>3</width></LineStyle></Style>
      <LineString><tessellate>1</tessellate><coordinates>118.96291067,32.22169012,0 118.99752494,32.23660835,0</coordinates></LineString>
    </Placemark>
    <Placemark>
      <name>Fixed-wing task 250</name>
      <Style><LineStyle><color>cc2626dc</color><width>3</width></LineStyle></Style>
      <LineString><tessellate>1</tessellate><coordinates>118.96281613,32.22184899,0 118.99742484,32.23676483,0</coordinates></LineString>
    </Placemark>
    <Placemark>
      <name>Fixed-wing task 251</name>
      <Style><LineStyle><color>cc2626dc</color><width>3</width></LineStyle></Style>
      <LineString><tessellate>1</tessellate><coordinates>118.96272158,32.22200787,0 118.99732474,32.23692131,0</coordinates></LineString>
    </Placemark>
    <Placemark>
      <name>Fixed-wing task 252</name>
      <Style><LineStyle><color>cc2626dc</color><width>3</width></LineStyle></Style>
      <LineString><tessellate>1</tessellate><coordinates>118.96262703,32.22216673,0 118.99722464,32.23707780,0</coordinates></LineString>
    </Placemark>
    <Placemark>
      <name>Fixed-wing task 253</name>
      <Style><LineStyle><color>cc2626dc</color><width>3</width></LineStyle></Style>
      <LineString><tessellate>1</tessellate><coordinates>118.96253249,32.22232561,0 118.99712454,32.23723428,0</coordinates></LineString>
    </Placemark>
    <Placemark>
      <name>Fixed-wing task 254</name>
      <Style><LineStyle><color>cc2626dc</color><width>3</width></LineStyle></Style>
      <LineString><tessellate>1</tessellate><coordinates>118.96243794,32.22248449,0 118.99702444,32.23739076,0</coordinates></LineString>
    </Placemark>
    <Placemark>
      <name>Fixed-wing task 255</name>
      <Style><LineStyle><color>cc2626dc</color><width>3</width></LineStyle></Style>
      <LineString><tessellate>1</tessellate><coordinates>118.96234339,32.22264336,0 118.99692434,32.23754725,0</coordinates></LineString>
    </Placemark>
    <Placemark>
      <name>Fixed-wing task 256</name>
      <Style><LineStyle><color>cc2626dc</color><width>3</width></LineStyle></Style>
      <LineString><tessellate>1</tessellate><coordinates>118.96224884,32.22280224,0 118.99682424,32.23770373,0</coordinates></LineString>
    </Placemark>
    <Placemark>
      <name>Fixed-wing task 257</name>
      <Style><LineStyle><color>cc2626dc</color><width>3</width></LineStyle></Style>
      <LineString><tessellate>1</tessellate><coordinates>118.96215429,32.22296111,0 118.99672413,32.23786021,0</coordinates></LineString>
    </Placemark>
    <Placemark>
      <name>Fixed-wing task 258</name>
      <Style><LineStyle><color>cc2626dc</color><width>3</width></LineStyle></Style>
      <LineString><tessellate>1</tessellate><coordinates>118.96205974,32.22311999,0 118.99662404,32.23801669,0</coordinates></LineString>
    </Placemark>
    <Placemark>
      <name>Fixed-wing task 259</name>
      <Style><LineStyle><color>cc2626dc</color><width>3</width></LineStyle></Style>
      <LineString><tessellate>1</tessellate><coordinates>118.96196520,32.22327887,0 118.99652393,32.23817318,0</coordinates></LineString>
    </Placemark>
    <Placemark>
      <name>Fixed-wing task 260</name>
      <Style><LineStyle><color>cc2626dc</color><width>3</width></LineStyle></Style>
      <LineString><tessellate>1</tessellate><coordinates>118.96187065,32.22343774,0 118.99642384,32.23832965,0</coordinates></LineString>
    </Placemark>
    <Placemark>
      <name>Fixed-wing task 261</name>
      <Style><LineStyle><color>cc2626dc</color><width>3</width></LineStyle></Style>
      <LineString><tessellate>1</tessellate><coordinates>118.96177610,32.22359662,0 118.99632373,32.23848614,0</coordinates></LineString>
    </Placemark>
    <Placemark>
      <name>Fixed-wing task 262</name>
      <Style><LineStyle><color>cc2626dc</color><width>3</width></LineStyle></Style>
      <LineString><tessellate>1</tessellate><coordinates>118.96168156,32.22375550,0 118.99622364,32.23864262,0</coordinates></LineString>
    </Placemark>
    <Placemark>
      <name>Fixed-wing task 263</name>
      <Style><LineStyle><color>cc2626dc</color><width>3</width></LineStyle></Style>
      <LineString><tessellate>1</tessellate><coordinates>118.96158700,32.22391437,0 118.99612353,32.23879911,0</coordinates></LineString>
    </Placemark>
    <Placemark>
      <name>Fixed-wing task 264</name>
      <Style><LineStyle><color>cc2626dc</color><width>3</width></LineStyle></Style>
      <LineString><tessellate>1</tessellate><coordinates>118.96149245,32.22407325,0 118.99602344,32.23895558,0</coordinates></LineString>
    </Placemark>
    <Placemark>
      <name>Fixed-wing task 265</name>
      <Style><LineStyle><color>cc2626dc</color><width>3</width></LineStyle></Style>
      <LineString><tessellate>1</tessellate><coordinates>118.96139791,32.22423211,0 118.99592333,32.23911207,0</coordinates></LineString>
    </Placemark>
    <Placemark>
      <name>Fixed-wing task 266</name>
      <Style><LineStyle><color>cc2626dc</color><width>3</width></LineStyle></Style>
      <LineString><tessellate>1</tessellate><coordinates>118.96130336,32.22439099,0 118.99582323,32.23926855,0</coordinates></LineString>
    </Placemark>
    <Placemark>
      <name>Fixed-wing task 267</name>
      <Style><LineStyle><color>cc2626dc</color><width>3</width></LineStyle></Style>
      <LineString><tessellate>1</tessellate><coordinates>118.96120881,32.22454987,0 118.99572313,32.23942503,0</coordinates></LineString>
    </Placemark>
    <Placemark>
      <name>Fixed-wing task 268</name>
      <Style><LineStyle><color>cc2626dc</color><width>3</width></LineStyle></Style>
      <LineString><tessellate>1</tessellate><coordinates>118.96111427,32.22470874,0 118.99562303,32.23958151,0</coordinates></LineString>
    </Placemark>
    <Placemark>
      <name>Fixed-wing task 269</name>
      <Style><LineStyle><color>cc2626dc</color><width>3</width></LineStyle></Style>
      <LineString><tessellate>1</tessellate><coordinates>118.96101972,32.22486762,0 118.99552293,32.23973800,0</coordinates></LineString>
    </Placemark>
    <Placemark>
      <name>Fixed-wing task 270</name>
      <Style><LineStyle><color>cc2626dc</color><width>3</width></LineStyle></Style>
      <LineString><tessellate>1</tessellate><coordinates>118.96092516,32.22502649,0 118.99542283,32.23989448,0</coordinates></LineString>
    </Placemark>
    <Placemark>
      <name>Fixed-wing task 271</name>
      <Style><LineStyle><color>cc2626dc</color><width>3</width></LineStyle></Style>
      <LineString><tessellate>1</tessellate><coordinates>118.96083062,32.22518537,0 118.99532273,32.24005096,0</coordinates></LineString>
    </Placemark>
    <Placemark>
      <name>Fixed-wing task 272</name>
      <Style><LineStyle><color>cc2626dc</color><width>3</width></LineStyle></Style>
      <LineString><tessellate>1</tessellate><coordinates>118.96830532,32.22860648,0 118.99522263,32.24020745,0</coordinates></LineString>
    </Placemark>
    <Placemark>
      <name>Fixed-wing task 273</name>
      <Style><LineStyle><color>cc2626dc</color><width>3</width></LineStyle></Style>
      <LineString><tessellate>1</tessellate><coordinates>118.97864899,32.23326407,0 118.99512253,32.24036393,0</coordinates></LineString>
    </Placemark>
    <Placemark>
      <name>Fixed-wing task 274</name>
      <Style><LineStyle><color>cc2626dc</color><width>3</width></LineStyle></Style>
      <LineString><tessellate>1</tessellate><coordinates>118.96083309,32.22638418,0 118.98255244,32.23574490,0</coordinates></LineString>
    </Placemark>
    <Placemark>
      <name>Fixed-wing task 275</name>
      <Style><LineStyle><color>cc2626dc</color><width>3</width></LineStyle></Style>
      <LineString><tessellate>1</tessellate><coordinates>118.96071584,32.22653327,0 118.99492876,32.24127854,0</coordinates></LineString>
    </Placemark>
    <Placemark>
      <name>Fixed-wing task 276</name>
      <Style><LineStyle><color>cc2626dc</color><width>3</width></LineStyle></Style>
      <LineString><tessellate>1</tessellate><coordinates>118.96059859,32.22668237,0 118.99483186,32.24143640,0</coordinates></LineString>
    </Placemark>
    <Placemark>
      <name>Fixed-wing task 277</name>
      <Style><LineStyle><color>cc2626dc</color><width>3</width></LineStyle></Style>
      <LineString><tessellate>1</tessellate><coordinates>118.96048136,32.22683146,0 118.99473496,32.24159426,0</coordinates></LineString>
    </Placemark>
    <Placemark>
      <name>Fixed-wing task 278</name>
      <Style><LineStyle><color>cc2626dc</color><width>3</width></LineStyle></Style>
      <LineString><tessellate>1</tessellate><coordinates>118.99504463,32.24172772,0 118.99704463,32.24258969,0</coordinates></LineString>
    </Placemark>
    <Placemark>
      <name>Fixed-wing task 279</name>
      <Style><LineStyle><color>cc2626dc</color><width>3</width></LineStyle></Style>
      <LineString><tessellate>1</tessellate><coordinates>118.99904301,32.24345097,0 118.99959541,32.24368904,0</coordinates></LineString>
    </Placemark>
    <Placemark>
      <name>Fixed-wing task 280</name>
      <Style><LineStyle><color>cc2626dc</color><width>3</width></LineStyle></Style>
      <LineString><tessellate>1</tessellate><coordinates>118.96036411,32.22698055,0 118.99463807,32.24175213,0</coordinates></LineString>
    </Placemark>
    <Placemark>
      <name>Fixed-wing task 281</name>
      <Style><LineStyle><color>cc2626dc</color><width>3</width></LineStyle></Style>
      <LineString><tessellate>1</tessellate><coordinates>118.99487791,32.24185549,0 118.99701375,32.24277601,0</coordinates></LineString>
    </Placemark>
    <Placemark>
      <name>Fixed-wing task 282</name>
      <Style><LineStyle><color>cc2626dc</color><width>3</width></LineStyle></Style>
      <LineString><tessellate>1</tessellate><coordinates>118.99775374,32.24309494,0 118.99951475,32.24385390,0</coordinates></LineString>
    </Placemark>
    <Placemark>
      <name>Fixed-wing task 283</name>
      <Style><LineStyle><color>cc2626dc</color><width>3</width></LineStyle></Style>
      <LineString><tessellate>1</tessellate><coordinates>118.96024686,32.22712965,0 118.99454118,32.24190999,0</coordinates></LineString>
    </Placemark>
    <Placemark>
      <name>Fixed-wing task 284</name>
      <Style><LineStyle><color>cc2626dc</color><width>3</width></LineStyle></Style>
      <LineString><tessellate>1</tessellate><coordinates>118.99471118,32.24198326,0 118.99943408,32.24401876,0</coordinates></LineString>
    </Placemark>
    <Placemark>
      <name>Fixed-wing task 285</name>
      <Style><LineStyle><color>cc2626dc</color><width>3</width></LineStyle></Style>
      <LineString><tessellate>1</tessellate><coordinates>118.96012963,32.22727874,0 118.99444428,32.24206785,0</coordinates></LineString>
    </Placemark>
    <Placemark>
      <name>Fixed-wing task 286</name>
      <Style><LineStyle><color>cc2626dc</color><width>3</width></LineStyle></Style>
      <LineString><tessellate>1</tessellate><coordinates>118.99456792,32.24212114,0 118.99933312,32.24417487,0</coordinates></LineString>
    </Placemark>
    <Placemark>
      <name>Fixed-wing task 287</name>
      <Style><LineStyle><color>cc2626dc</color><width>3</width></LineStyle></Style>
      <LineString><tessellate>1</tessellate><coordinates>118.96001238,32.22742783,0 118.99434738,32.24222572,0</coordinates></LineString>
    </Placemark>
    <Placemark>
      <name>Fixed-wing task 288</name>
      <Style><LineStyle><color>cc2626dc</color><width>3</width></LineStyle></Style>
      <LineString><tessellate>1</tessellate><coordinates>118.99446373,32.24227586,0 118.99922845,32.24432939,0</coordinates></LineString>
    </Placemark>
    <Placemark>
      <name>Fixed-wing task 289</name>
      <Style><LineStyle><color>cc2626dc</color><width>3</width></LineStyle></Style>
      <LineString><tessellate>1</tessellate><coordinates>118.95989513,32.22757693,0 118.99425049,32.24238358,0</coordinates></LineString>
    </Placemark>
    <Placemark>
      <name>Fixed-wing task 290</name>
      <Style><LineStyle><color>cc2626dc</color><width>3</width></LineStyle></Style>
      <LineString><tessellate>1</tessellate><coordinates>118.99435954,32.24243058,0 118.99912378,32.24448390,0</coordinates></LineString>
    </Placemark>
    <Placemark>
      <name>Fixed-wing task 291</name>
      <Style><LineStyle><color>cc2626dc</color><width>3</width></LineStyle></Style>
      <LineString><tessellate>1</tessellate><coordinates>118.95977790,32.22772602,0 118.99415359,32.24254144,0</coordinates></LineString>
    </Placemark>
    <Placemark>
      <name>Fixed-wing task 292</name>
      <Style><LineStyle><color>cc2626dc</color><width>3</width></LineStyle></Style>
      <LineString><tessellate>1</tessellate><coordinates>118.99425535,32.24258530,0 118.99901912,32.24463841,0</coordinates></LineString>
    </Placemark>
    <Placemark>
      <name>Fixed-wing task 293</name>
      <Style><LineStyle><color>cc2626dc</color><width>3</width></LineStyle></Style>
      <LineString><tessellate>1</tessellate><coordinates>118.95966065,32.22787512,0 118.99405669,32.24269930,0</coordinates></LineString>
    </Placemark>
    <Placemark>
      <name>Fixed-wing task 294</name>
      <Style><LineStyle><color>cc2626dc</color><width>3</width></LineStyle></Style>
      <LineString><tessellate>1</tessellate><coordinates>118.99415116,32.24274002,0 118.99891444,32.24479293,0</coordinates></LineString>
    </Placemark>
    <Placemark>
      <name>Fixed-wing task 295</name>
      <Style><LineStyle><color>cc2626dc</color><width>3</width></LineStyle></Style>
      <LineString><tessellate>1</tessellate><coordinates>118.95954340,32.22802421,0 118.99395981,32.24285717,0</coordinates></LineString>
    </Placemark>
    <Placemark>
      <name>Fixed-wing task 296</name>
      <Style><LineStyle><color>cc2626dc</color><width>3</width></LineStyle></Style>
      <LineString><tessellate>1</tessellate><coordinates>118.99404698,32.24289474,0 118.99880977,32.24494744,0</coordinates></LineString>
    </Placemark>
    <Placemark>
      <name>Fixed-wing task 297</name>
      <Style><LineStyle><color>cc2626dc</color><width>3</width></LineStyle></Style>
      <LineString><tessellate>1</tessellate><coordinates>118.95942617,32.22817330,0 118.99386291,32.24301503,0</coordinates></LineString>
    </Placemark>
    <Placemark>
      <name>Fixed-wing task 298</name>
      <Style><LineStyle><color>cc2626dc</color><width>3</width></LineStyle></Style>
      <LineString><tessellate>1</tessellate><coordinates>118.99394278,32.24304946,0 118.99870511,32.24510195,0</coordinates></LineString>
    </Placemark>
    <Placemark>
      <name>Fixed-wing task 299</name>
      <Style><LineStyle><color>cc2626dc</color><width>3</width></LineStyle></Style>
      <LineString><tessellate>1</tessellate><coordinates>118.95930892,32.22832240,0 118.99376601,32.24317289,0</coordinates></LineString>
    </Placemark>
    <Placemark>
      <name>Fixed-wing task 300</name>
      <Style><LineStyle><color>cc2626dc</color><width>3</width></LineStyle></Style>
      <LineString><tessellate>1</tessellate><coordinates>118.99383860,32.24320418,0 118.99860044,32.24525646,0</coordinates></LineString>
    </Placemark>
    <Placemark>
      <name>Fixed-wing task 301</name>
      <Style><LineStyle><color>cc2626dc</color><width>3</width></LineStyle></Style>
      <LineString><tessellate>1</tessellate><coordinates>118.95919167,32.22847150,0 118.99366911,32.24333076,0</coordinates></LineString>
    </Placemark>
    <Placemark>
      <name>Fixed-wing task 302</name>
      <Style><LineStyle><color>cc2626dc</color><width>3</width></LineStyle></Style>
      <LineString><tessellate>1</tessellate><coordinates>118.99387146,32.24341797,0 118.99849576,32.24541097,0</coordinates></LineString>
    </Placemark>
    <Placemark>
      <name>Fixed-wing task 303</name>
      <Style><LineStyle><color>cc2626dc</color><width>3</width></LineStyle></Style>
      <LineString><tessellate>1</tessellate><coordinates>118.95907443,32.22862059,0 118.99357222,32.24348863,0</coordinates></LineString>
    </Placemark>
    <Placemark>
      <name>Fixed-wing task 304</name>
      <Style><LineStyle><color>cc2626dc</color><width>3</width></LineStyle></Style>
      <LineString><tessellate>1</tessellate><coordinates>118.99464841,32.24395244,0 118.99737423,32.24512723,0</coordinates></LineString>
    </Placemark>
    <Placemark>
      <name>Fixed-wing task 305</name>
      <Style><LineStyle><color>cc2626dc</color><width>3</width></LineStyle></Style>
      <LineString><tessellate>1</tessellate><coordinates>118.95895719,32.22876968,0 118.99347532,32.24364649,0</coordinates></LineString>
    </Placemark>
    <Placemark>
      <name>Fixed-wing task 306</name>
      <Style><LineStyle><color>cc2626dc</color><width>3</width></LineStyle></Style>
      <LineString><tessellate>1</tessellate><coordinates>118.95883994,32.22891878,0 118.99337842,32.24380435,0</coordinates></LineString>
    </Placemark>
    <Placemark>
      <name>Fixed-wing task 307</name>
      <Style><LineStyle><color>cc2626dc</color><width>3</width></LineStyle></Style>
      <LineString><tessellate>1</tessellate><coordinates>118.99341341,32.24381943,0 118.99476034,32.24439994,0</coordinates></LineString>
    </Placemark>
    <Placemark>
      <name>Fixed-wing task 308</name>
      <Style><LineStyle><color>cc2626dc</color><width>3</width></LineStyle></Style>
      <LineString><tessellate>1</tessellate><coordinates>118.99488240,32.24445254,0 118.99634908,32.24508466,0</coordinates></LineString>
    </Placemark>
    <Placemark>
      <name>Fixed-wing task 309</name>
      <Style><LineStyle><color>cc2626dc</color><width>3</width></LineStyle></Style>
      <LineString><tessellate>1</tessellate><coordinates>118.95872270,32.22906787,0 118.99328153,32.24396222,0</coordinates></LineString>
    </Placemark>
    <Placemark>
      <name>Fixed-wing task 310</name>
      <Style><LineStyle><color>cc2626dc</color><width>3</width></LineStyle></Style>
      <LineString><tessellate>1</tessellate><coordinates>118.99332168,32.24397952,0 118.99463692,32.24454636,0</coordinates></LineString>
    </Placemark>
    <Placemark>
      <name>Fixed-wing task 311</name>
      <Style><LineStyle><color>cc2626dc</color><width>3</width></LineStyle></Style>
      <LineString><tessellate>1</tessellate><coordinates>118.99475694,32.24459809,0 118.99624885,32.24524109,0</coordinates></LineString>
    </Placemark>
    <Placemark>
      <name>Fixed-wing task 312</name>
      <Style><LineStyle><color>cc2626dc</color><width>3</width></LineStyle></Style>
      <LineString><tessellate>1</tessellate><coordinates>118.95860546,32.22921696,0 118.99318464,32.24412008,0</coordinates></LineString>
    </Placemark>
    <Placemark>
      <name>Fixed-wing task 313</name>
      <Style><LineStyle><color>cc2626dc</color><width>3</width></LineStyle></Style>
      <LineString><tessellate>1</tessellate><coordinates>118.99368673,32.24433647,0 118.99451348,32.24469279,0</coordinates></LineString>
    </Placemark>
    <Placemark>
      <name>Fixed-wing task 314</name>
      <Style><LineStyle><color>cc2626dc</color><width>3</width></LineStyle></Style>
      <LineString><tessellate>1</tessellate><coordinates>118.99463147,32.24474364,0 118.99614862,32.24539751,0</coordinates></LineString>
    </Placemark>
    <Placemark>
      <name>Fixed-wing task 315</name>
      <Style><LineStyle><color>cc2626dc</color><width>3</width></LineStyle></Style>
      <LineString><tessellate>1</tessellate><coordinates>118.95848821,32.22936606,0 118.99308774,32.24427794,0</coordinates></LineString>
    </Placemark>
    <Placemark>
      <name>Fixed-wing task 316</name>
      <Style><LineStyle><color>cc2626dc</color><width>3</width></LineStyle></Style>
      <LineString><tessellate>1</tessellate><coordinates>118.99313822,32.24429970,0 118.99367209,32.24452979,0</coordinates></LineString>
    </Placemark>
    <Placemark>
      <name>Fixed-wing task 317</name>
      <Style><LineStyle><color>cc2626dc</color><width>3</width></LineStyle></Style>
      <LineString><tessellate>1</tessellate><coordinates>118.99459793,32.24492881,0 118.99604837,32.24555393,0</coordinates></LineString>
    </Placemark>
    <Placemark>
      <name>Fixed-wing task 318</name>
      <Style><LineStyle><color>cc2626dc</color><width>3</width></LineStyle></Style>
      <LineString><tessellate>1</tessellate><coordinates>118.95837097,32.22951515,0 118.99299084,32.24443581,0</coordinates></LineString>
    </Placemark>
    <Placemark>
      <name>Fixed-wing task 319</name>
      <Style><LineStyle><color>cc2626dc</color><width>3</width></LineStyle></Style>
      <LineString><tessellate>1</tessellate><coordinates>118.99304649,32.24445978,0 118.99422259,32.24496667,0</coordinates></LineString>
    </Placemark>
    <Placemark>
      <name>Fixed-wing task 320</name>
      <Style><LineStyle><color>cc2626dc</color><width>3</width></LineStyle></Style>
      <LineString><tessellate>1</tessellate><coordinates>118.99497621,32.24529146,0 118.99594814,32.24571036,0</coordinates></LineString>
    </Placemark>
    <Placemark>
      <name>Fixed-wing task 321</name>
      <Style><LineStyle><color>cc2626dc</color><width>3</width></LineStyle></Style>
      <LineString><tessellate>1</tessellate><coordinates>118.95825373,32.22966424,0 118.99289395,32.24459367,0</coordinates></LineString>
    </Placemark>
    <Placemark>
      <name>Fixed-wing task 322</name>
      <Style><LineStyle><color>cc2626dc</color><width>3</width></LineStyle></Style>
      <LineString><tessellate>1</tessellate><coordinates>118.95813648,32.22981334,0 118.99279705,32.24475153,0</coordinates></LineString>
    </Placemark>
    <Placemark>
      <name>Fixed-wing task 323</name>
      <Style><LineStyle><color>cc2626dc</color><width>3</width></LineStyle></Style>
      <LineString><tessellate>1</tessellate><coordinates>118.95801924,32.22996243,0 118.99270016,32.24490940,0</coordinates></LineString>
    </Placemark>
    <Placemark>
      <name>Fixed-wing task 324</name>
      <Style><LineStyle><color>cc2626dc</color><width>3</width></LineStyle></Style>
      <LineString><tessellate>1</tessellate><coordinates>118.95790200,32.23011152,0 118.99260326,32.24506726,0</coordinates></LineString>
    </Placemark>
    <Placemark>
      <name>Fixed-wing task 325</name>
      <Style><LineStyle><color>cc2626dc</color><width>3</width></LineStyle></Style>
      <LineString><tessellate>1</tessellate><coordinates>118.95778475,32.23026062,0 118.99250637,32.24522512,0</coordinates></LineString>
    </Placemark>
    <Placemark>
      <name>Fixed-wing task 326</name>
      <Style><LineStyle><color>cc2626dc</color><width>3</width></LineStyle></Style>
      <LineString><tessellate>1</tessellate><coordinates>118.95766751,32.23040971,0 118.99240947,32.24538298,0</coordinates></LineString>
    </Placemark>
    <Placemark>
      <name>Fixed-wing task 327</name>
      <Style><LineStyle><color>cc2626dc</color><width>3</width></LineStyle></Style>
      <LineString><tessellate>1</tessellate><coordinates>118.95755026,32.23055881,0 118.99231257,32.24554085,0</coordinates></LineString>
    </Placemark>
    <Placemark>
      <name>Fixed-wing task 328</name>
      <Style><LineStyle><color>cc2626dc</color><width>3</width></LineStyle></Style>
      <LineString><tessellate>1</tessellate><coordinates>118.95743302,32.23070790,0 118.99221568,32.24569871,0</coordinates></LineString>
    </Placemark>
    <Placemark>
      <name>Fixed-wing task 329</name>
      <Style><LineStyle><color>cc2626dc</color><width>3</width></LineStyle></Style>
      <LineString><tessellate>1</tessellate><coordinates>118.95731578,32.23085699,0 118.99211879,32.24585658,0</coordinates></LineString>
    </Placemark>
    <Placemark>
      <name>Fixed-wing task 330</name>
      <Style><LineStyle><color>cc2626dc</color><width>3</width></LineStyle></Style>
      <LineString><tessellate>1</tessellate><coordinates>118.95719853,32.23100609,0 118.99202189,32.24601445,0</coordinates></LineString>
    </Placemark>
    <Placemark>
      <name>Fixed-wing task 331</name>
      <Style><LineStyle><color>cc2626dc</color><width>3</width></LineStyle></Style>
      <LineString><tessellate>1</tessellate><coordinates>118.95708129,32.23115519,0 118.99192499,32.24617231,0</coordinates></LineString>
    </Placemark>
    <Placemark>
      <name>Fixed-wing task 332</name>
      <Style><LineStyle><color>cc2626dc</color><width>3</width></LineStyle></Style>
      <LineString><tessellate>1</tessellate><coordinates>118.95696405,32.23130428,0 118.99182810,32.24633017,0</coordinates></LineString>
    </Placemark>
    <Placemark>
      <name>Fixed-wing task 333</name>
      <Style><LineStyle><color>cc2626dc</color><width>3</width></LineStyle></Style>
      <LineString><tessellate>1</tessellate><coordinates>118.95684680,32.23145337,0 118.99173120,32.24648803,0</coordinates></LineString>
    </Placemark>
    <Placemark>
      <name>Fixed-wing task 334</name>
      <Style><LineStyle><color>cc2626dc</color><width>3</width></LineStyle></Style>
      <LineString><tessellate>1</tessellate><coordinates>118.95672956,32.23160247,0 118.99163430,32.24664590,0</coordinates></LineString>
    </Placemark>
    <Placemark>
      <name>Fixed-wing task 335</name>
      <Style><LineStyle><color>cc2626dc</color><width>3</width></LineStyle></Style>
      <LineString><tessellate>1</tessellate><coordinates>118.95661232,32.23175156,0 118.99153741,32.24680376,0</coordinates></LineString>
    </Placemark>
    <Placemark>
      <name>Fixed-wing task 336</name>
      <Style><LineStyle><color>cc2626dc</color><width>3</width></LineStyle></Style>
      <LineString><tessellate>1</tessellate><coordinates>118.95649507,32.23190065,0 118.99144052,32.24696162,0</coordinates></LineString>
    </Placemark>
    <Placemark>
      <name>Fixed-wing task 337</name>
      <Style><LineStyle><color>cc2626dc</color><width>3</width></LineStyle></Style>
      <LineString><tessellate>1</tessellate><coordinates>118.95637783,32.23204975,0 118.99134362,32.24711949,0</coordinates></LineString>
    </Placemark>
    <Placemark>
      <name>Fixed-wing task 338</name>
      <Style><LineStyle><color>cc2626dc</color><width>3</width></LineStyle></Style>
      <LineString><tessellate>1</tessellate><coordinates>118.95626059,32.23219884,0 118.99124672,32.24727735,0</coordinates></LineString>
    </Placemark>
    <Placemark>
      <name>Fixed-wing task 339</name>
      <Style><LineStyle><color>cc2626dc</color><width>3</width></LineStyle></Style>
      <LineString><tessellate>1</tessellate><coordinates>118.95614334,32.23234793,0 118.99114983,32.24743521,0</coordinates></LineString>
    </Placemark>
    <Placemark>
      <name>Fixed-wing task 340</name>
      <Style><LineStyle><color>cc2626dc</color><width>3</width></LineStyle></Style>
      <LineString><tessellate>1</tessellate><coordinates>118.95924215,32.23388310,0 118.99105293,32.24759308,0</coordinates></LineString>
    </Placemark>
    <Placemark>
      <name>Fixed-wing task 341</name>
      <Style><LineStyle><color>cc2626dc</color><width>3</width></LineStyle></Style>
      <LineString><tessellate>1</tessellate><coordinates>118.96626487,32.23710941,0 118.99095603,32.24775094,0</coordinates></LineString>
    </Placemark>
    <Placemark>
      <name>Fixed-wing task 342</name>
      <Style><LineStyle><color>cc2626dc</color><width>3</width></LineStyle></Style>
      <LineString><tessellate>1</tessellate><coordinates>118.97328759,32.24033572,0 118.99085915,32.24790880,0</coordinates></LineString>
    </Placemark>
    <Placemark>
      <name>Fixed-wing task 343</name>
      <Style><LineStyle><color>cc2626dc</color><width>3</width></LineStyle></Style>
      <LineString><tessellate>1</tessellate><coordinates>118.99580948,32.24469071,0 118.99643014,32.24495820,0</coordinates></LineString>
    </Placemark>
    <Placemark>
      <name>Fixed-wing task 344</name>
      <Style><LineStyle><color>cc2626dc</color><width>3</width></LineStyle></Style>
      <LineString><tessellate>1</tessellate><coordinates>118.99370943,32.24387638,0 118.99453444,32.24423195,0</coordinates></LineString>
    </Placemark>
    <Placemark>
      <name>Fixed-wing task 353</name>
      <Style><LineStyle><color>cc2626dc</color><width>3</width></LineStyle></Style>
      <LineString><tessellate>1</tessellate><coordinates>119.00011729,32.23620973,0 119.00013068,32.23621550,0</coordinates></LineString>
    </Placemark>
    <Placemark>
      <name>Fixed-wing task 355</name>
      <Style><LineStyle><color>cc2626dc</color><width>3</width></LineStyle></Style>
      <LineString><tessellate>1</tessellate><coordinates>119.00067057,32.23524866,0 119.00088165,32.23533964,0</coordinates></LineString>
    </Placemark>
    <Placemark>
      <name>Fixed-wing task 358</name>
      <Style><LineStyle><color>cc2626dc</color><width>3</width></LineStyle></Style>
      <LineString><tessellate>1</tessellate><coordinates>119.00156915,32.23398204,0 119.00172939,32.23405110,0</coordinates></LineString>
    </Placemark>
    <Placemark>
      <name>Fixed-wing task 362</name>
      <Style><LineStyle><color>cc2626dc</color><width>3</width></LineStyle></Style>
      <LineString><tessellate>1</tessellate><coordinates>118.99546626,32.24507116,0 118.99549864,32.24508511,0</coordinates></LineString>
    </Placemark>
    <Placemark>
      <name>Drone task 2 pass 1 swath</name>
      <Style>
        <LineStyle><color>ccff8402</color><width>3</width></LineStyle>
        <PolyStyle><color>3338bdf8</color></PolyStyle>
      </Style>
      <Polygon><outerBoundaryIs><LinearRing><coordinates>118.97078538,32.20913019,0 118.97688950,32.21176098,0 118.97690493,32.21173537,0 118.97080081,32.20910458,0 118.97078538,32.20913019,0</coordinates></LinearRing></outerBoundaryIs></Polygon>
    </Placemark>
    <Placemark>
      <name>Drone task 2 pass 1</name>
      <Style><LineStyle><color>cc2563eb</color><width>3</width></LineStyle></Style>
      <LineString><tessellate>1</tessellate><coordinates>118.97079309,32.20911738,0 118.97689722,32.21174817,0</coordinates></LineString>
    </Placemark>
    <Placemark>
      <name>Drone task 4 pass 1 swath</name>
      <Style>
        <LineStyle><color>ccff8402</color><width>3</width></LineStyle>
        <PolyStyle><color>3338bdf8</color></PolyStyle>
      </Style>
      <Polygon><outerBoundaryIs><LinearRing><coordinates>118.97058961,32.20924544,0 118.97678586,32.21191594,0 118.97680129,32.21189033,0 118.97060504,32.20921983,0 118.97058961,32.20924544,0</coordinates></LinearRing></outerBoundaryIs></Polygon>
    </Placemark>
    <Placemark>
      <name>Drone task 4 pass 1</name>
      <Style><LineStyle><color>cc2563eb</color><width>3</width></LineStyle></Style>
      <LineString><tessellate>1</tessellate><coordinates>118.97059732,32.20923264,0 118.97679358,32.21190313,0</coordinates></LineString>
    </Placemark>
    <Placemark>
      <name>Drone task 5 pass 1 swath</name>
      <Style>
        <LineStyle><color>ccff8402</color><width>3</width></LineStyle>
        <PolyStyle><color>3338bdf8</color></PolyStyle>
      </Style>
      <Polygon><outerBoundaryIs><LinearRing><coordinates>118.97700028,32.21200835,0 118.98122821,32.21383053,0 118.98124364,32.21380491,0 118.97701571,32.21198274,0 118.97700028,32.21200835,0</coordinates></LinearRing></outerBoundaryIs></Polygon>
    </Placemark>
    <Placemark>
      <name>Drone task 5 pass 1</name>
      <Style><LineStyle><color>cc2563eb</color><width>3</width></LineStyle></Style>
      <LineString><tessellate>1</tessellate><coordinates>118.97700800,32.21199554,0 118.98123593,32.21381772,0</coordinates></LineString>
    </Placemark>
    <Placemark>
      <name>Drone task 6 pass 1 swath</name>
      <Style>
        <LineStyle><color>ccff8402</color><width>3</width></LineStyle>
        <PolyStyle><color>3338bdf8</color></PolyStyle>
      </Style>
      <Polygon><outerBoundaryIs><LinearRing><coordinates>118.97049523,32.20940439,0 118.97668222,32.21207089,0 118.97669765,32.21204528,0 118.97051065,32.20937878,0 118.97049523,32.20940439,0</coordinates></LinearRing></outerBoundaryIs></Polygon>
    </Placemark>
    <Placemark>
      <name>Drone task 6 pass 1</name>
      <Style><LineStyle><color>cc2563eb</color><width>3</width></LineStyle></Style>
      <LineString><tessellate>1</tessellate><coordinates>118.97050294,32.20939159,0 118.97668993,32.21205808,0</coordinates></LineString>
    </Placemark>
    <Placemark>
      <name>Drone task 8 pass 1 swath</name>
      <Style>
        <LineStyle><color>ccff8402</color><width>3</width></LineStyle>
        <PolyStyle><color>3338bdf8</color></PolyStyle>
      </Style>
      <Polygon><outerBoundaryIs><LinearRing><coordinates>118.97040085,32.20956334,0 118.97657858,32.21222585,0 118.97659401,32.21220024,0 118.97041628,32.20953773,0 118.97040085,32.20956334,0</coordinates></LinearRing></outerBoundaryIs></Polygon>
    </Placemark>
    <Placemark>
      <name>Drone task 8 pass 1</name>
      <Style><LineStyle><color>cc2563eb</color><width>3</width></LineStyle></Style>
      <LineString><tessellate>1</tessellate><coordinates>118.97040857,32.20955053,0 118.97658629,32.21221304,0</coordinates></LineString>
    </Placemark>
    <Placemark>
      <name>Drone task 9 pass 1 swath</name>
      <Style>
        <LineStyle><color>ccff8402</color><width>3</width></LineStyle>
        <PolyStyle><color>3338bdf8</color></PolyStyle>
      </Style>
      <Polygon><outerBoundaryIs><LinearRing><coordinates>118.97679457,32.21231893,0 118.98688035,32.21666576,0 118.98689578,32.21664015,0 118.97681000,32.21229332,0 118.97679457,32.21231893,0</coordinates></LinearRing></outerBoundaryIs></Polygon>
    </Placemark>
    <Placemark>
      <name>Drone task 9 pass 1</name>
      <Style><LineStyle><color>cc2563eb</color><width>3</width></LineStyle></Style>
      <LineString><tessellate>1</tessellate><coordinates>118.97680228,32.21230613,0 118.98688807,32.21665296,0</coordinates></LineString>
    </Placemark>
    <Placemark>
      <name>Drone task 10 pass 1 swath</name>
      <Style>
        <LineStyle><color>ccff8402</color><width>3</width></LineStyle>
        <PolyStyle><color>3338bdf8</color></PolyStyle>
      </Style>
      <Polygon><outerBoundaryIs><LinearRing><coordinates>118.97030647,32.20972229,0 118.97647494,32.21238081,0 118.97649037,32.21235519,0 118.97032190,32.20969668,0 118.97030647,32.20972229,0</coordinates></LinearRing></outerBoundaryIs></Polygon>
    </Placemark>
    <Placemark>
      <name>Drone task 10 pass 1</name>
      <Style><LineStyle><color>cc2563eb</color><width>3</width></LineStyle></Style>
      <LineString><tessellate>1</tessellate><coordinates>118.97031419,32.20970948,0 118.97648266,32.21236800,0</coordinates></LineString>
    </Placemark>
    <Placemark>
      <name>Drone task 11 pass 1 swath</name>
      <Style>
        <LineStyle><color>ccff8402</color><width>3</width></LineStyle>
        <PolyStyle><color>3338bdf8</color></PolyStyle>
      </Style>
      <Polygon><outerBoundaryIs><LinearRing><coordinates>118.97669171,32.21247423,0 118.98678418,32.21682393,0 118.98679960,32.21679832,0 118.97670714,32.21244862,0 118.97669171,32.21247423,0</coordinates></LinearRing></outerBoundaryIs></Polygon>
    </Placemark>
    <Placemark>
      <name>Drone task 11 pass 1</name>
      <Style><LineStyle><color>cc2563eb</color><width>3</width></LineStyle></Style>
      <LineString><tessellate>1</tessellate><coordinates>118.97669943,32.21246143,0 118.98679189,32.21681112,0</coordinates></LineString>
    </Placemark>
    <Placemark>
      <name>Drone task 13 pass 1 swath</name>
      <Style>
        <LineStyle><color>ccff8402</color><width>3</width></LineStyle>
        <PolyStyle><color>3338bdf8</color></PolyStyle>
      </Style>
      <Polygon><outerBoundaryIs><LinearRing><coordinates>118.97021209,32.20988124,0 118.97637130,32.21253577,0 118.97638673,32.21251015,0 118.97022752,32.20985562,0 118.97021209,32.20988124,0</coordinates></LinearRing></outerBoundaryIs></Polygon>
    </Placemark>
    <Placemark>
      <name>Drone task 13 pass 1</name>
      <Style><LineStyle><color>cc2563eb</color><width>3</width></LineStyle></Style>
      <LineString><tessellate>1</tessellate><coordinates>118.97021981,32.20986843,0 118.97637902,32.21252296,0</coordinates></LineString>
    </Placemark>
    <Placemark>
      <name>Drone task 14 pass 1 swath</name>
      <Style>
        <LineStyle><color>ccff8402</color><width>3</width></LineStyle>
        <PolyStyle><color>3338bdf8</color></PolyStyle>
      </Style>
      <Polygon><outerBoundaryIs><LinearRing><coordinates>118.97658885,32.21262952,0 118.98668800,32.21698210,0 118.98670343,32.21695649,0 118.97660428,32.21260391,0 118.97658885,32.21262952,0</coordinates></LinearRing></outerBoundaryIs></Polygon>
    </Placemark>
    <Placemark>
      <name>Drone task 14 pass 1</name>
      <Style><LineStyle><color>cc2563eb</color><width>3</width></LineStyle></Style>
      <LineString><tessellate>1</tessellate><coordinates>118.97659656,32.21261672,0 118.98669571,32.21696930,0</coordinates></LineString>
    </Placemark>
    <Placemark>
      <name>Drone task 16 pass 1 swath</name>
      <Style>
        <LineStyle><color>ccff8402</color><width>3</width></LineStyle>
        <PolyStyle><color>3338bdf8</color></PolyStyle>
      </Style>
      <Polygon><outerBoundaryIs><LinearRing><coordinates>118.97011772,32.21004018,0 118.97626766,32.21269072,0 118.97628309,32.21266510,0 118.97013315,32.21001457,0 118.97011772,32.21004018,0</coordinates></LinearRing></outerBoundaryIs></Polygon>
    </Placemark>
    <Placemark>
      <name>Drone task 16 pass 1</name>
      <Style><LineStyle><color>cc2563eb</color><width>3</width></LineStyle></Style>
      <LineString><tessellate>1</tessellate><coordinates>118.97012544,32.21002738,0 118.97627537,32.21267791,0</coordinates></LineString>
    </Placemark>
    <Placemark>
      <name>Drone task 19 pass 1 swath</name>
      <Style>
        <LineStyle><color>ccff8402</color><width>3</width></LineStyle>
        <PolyStyle><color>3338bdf8</color></PolyStyle>
      </Style>
      <Polygon><outerBoundaryIs><LinearRing><coordinates>118.97002334,32.21019913,0 118.97616402,32.21284568,0 118.97617945,32.21282006,0 118.97003877,32.21017352,0 118.97002334,32.21019913,0</coordinates></LinearRing></outerBoundaryIs></Polygon>
    </Placemark>
    <Placemark>
      <name>Drone task 19 pass 1</name>
      <Style><LineStyle><color>cc2563eb</color><width>3</width></LineStyle></Style>
      <LineString><tessellate>1</tessellate><coordinates>118.97003105,32.21018633,0 118.97617173,32.21283287,0</coordinates></LineString>
    </Placemark>
    <Placemark>
      <name>Drone task 20 pass 1 swath</name>
      <Style>
        <LineStyle><color>ccff8402</color><width>3</width></LineStyle>
        <PolyStyle><color>3338bdf8</color></PolyStyle>
      </Style>
      <Polygon><outerBoundaryIs><LinearRing><coordinates>118.97638313,32.21294011,0 118.98649565,32.21729846,0 118.98651107,32.21727284,0 118.97639856,32.21291449,0 118.97638313,32.21294011,0</coordinates></LinearRing></outerBoundaryIs></Polygon>
    </Placemark>
    <Placemark>
      <name>Drone task 20 pass 1</name>
      <Style><LineStyle><color>cc2563eb</color><width>3</width></LineStyle></Style>
      <LineString><tessellate>1</tessellate><coordinates>118.97639085,32.21292730,0 118.98650336,32.21728565,0</coordinates></LineString>
    </Placemark>
    <Placemark>
      <name>Drone task 23 pass 1 swath</name>
      <Style>
        <LineStyle><color>ccff8402</color><width>3</width></LineStyle>
        <PolyStyle><color>3338bdf8</color></PolyStyle>
      </Style>
      <Polygon><outerBoundaryIs><LinearRing><coordinates>118.96992896,32.21035808,0 118.97606038,32.21300064,0 118.97607580,32.21297502,0 118.96994439,32.21033247,0 118.96992896,32.21035808,0</coordinates></LinearRing></outerBoundaryIs></Polygon>
    </Placemark>
    <Placemark>
      <name>Drone task 23 pass 1</name>
      <Style><LineStyle><color>cc2563eb</color><width>3</width></LineStyle></Style>
      <LineString><tessellate>1</tessellate><coordinates>118.96993667,32.21034527,0 118.97606809,32.21298783,0</coordinates></LineString>
    </Placemark>
    <Placemark>
      <name>Drone task 24 pass 1 swath</name>
      <Style>
        <LineStyle><color>ccff8402</color><width>3</width></LineStyle>
        <PolyStyle><color>3338bdf8</color></PolyStyle>
      </Style>
      <Polygon><outerBoundaryIs><LinearRing><coordinates>118.97628028,32.21309541,0 118.98639947,32.21745663,0 118.98641490,32.21743102,0 118.97629571,32.21306980,0 118.97628028,32.21309541,0</coordinates></LinearRing></outerBoundaryIs></Polygon>
    </Placemark>
    <Placemark>
      <name>Drone task 24 pass 1</name>
      <Style><LineStyle><color>cc2563eb</color><width>3</width></LineStyle></Style>
      <LineString><tessellate>1</tessellate><coordinates>118.97628799,32.21308260,0 118.98640718,32.21744382,0</coordinates></LineString>
    </Placemark>
    <Placemark>
      <name>Drone task 27 pass 1 swath</name>
      <Style>
        <LineStyle><color>ccff8402</color><width>3</width></LineStyle>
        <PolyStyle><color>3338bdf8</color></PolyStyle>
      </Style>
      <Polygon><outerBoundaryIs><LinearRing><coordinates>118.96983458,32.21051703,0 118.97595674,32.21315559,0 118.97597217,32.21312997,0 118.96985000,32.21049142,0 118.96983458,32.21051703,0</coordinates></LinearRing></outerBoundaryIs></Polygon>
    </Placemark>
    <Placemark>
      <name>Drone task 27 pass 1</name>
      <Style><LineStyle><color>cc2563eb</color><width>3</width></LineStyle></Style>
      <LineString><tessellate>1</tessellate><coordinates>118.96984229,32.21050422,0 118.97596446,32.21314278,0</coordinates></LineString>
    </Placemark>
    <Placemark>
      <name>Drone task 28 pass 1 swath</name>
      <Style>
        <LineStyle><color>ccff8402</color><width>3</width></LineStyle>
        <PolyStyle><color>3338bdf8</color></PolyStyle>
      </Style>
      <Polygon><outerBoundaryIs><LinearRing><coordinates>118.97617742,32.21325070,0 118.98630329,32.21761480,0 118.98631872,32.21758918,0 118.97619285,32.21322509,0 118.97617742,32.21325070,0</coordinates></LinearRing></outerBoundaryIs></Polygon>
    </Placemark>
    <Placemark>
      <name>Drone task 28 pass 1</name>
      <Style><LineStyle><color>cc2563eb</color><width>3</width></LineStyle></Style>
      <LineString><tessellate>1</tessellate><coordinates>118.97618513,32.21323789,0 118.98631101,32.21760199,0</coordinates></LineString>
    </Placemark>
    <Placemark>
      <name>Drone task 31 pass 1 swath</name>
      <Style>
        <LineStyle><color>ccff8402</color><width>3</width></LineStyle>
        <PolyStyle><color>3338bdf8</color></PolyStyle>
      </Style>
      <Polygon><outerBoundaryIs><LinearRing><coordinates>118.96974020,32.21067598,0 118.97585310,32.21331055,0 118.97586853,32.21328493,0 118.96975563,32.21065036,0 118.96974020,32.21067598,0</coordinates></LinearRing></outerBoundaryIs></Polygon>
    </Placemark>
    <Placemark>
      <name>Drone task 31 pass 1</name>
      <Style><LineStyle><color>cc2563eb</color><width>3</width></LineStyle></Style>
      <LineString><tessellate>1</tessellate><coordinates>118.96974792,32.21066317,0 118.97586082,32.21329774,0</coordinates></LineString>
    </Placemark>
    <Placemark>
      <name>Drone task 32 pass 1 swath</name>
      <Style>
        <LineStyle><color>ccff8402</color><width>3</width></LineStyle>
        <PolyStyle><color>3338bdf8</color></PolyStyle>
      </Style>
      <Polygon><outerBoundaryIs><LinearRing><coordinates>118.97607456,32.21340599,0 118.98620712,32.21777297,0 118.98622255,32.21774736,0 118.97608999,32.21338038,0 118.97607456,32.21340599,0</coordinates></LinearRing></outerBoundaryIs></Polygon>
    </Placemark>
    <Placemark>
      <name>Drone task 32 pass 1</name>
      <Style><LineStyle><color>cc2563eb</color><width>3</width></LineStyle></Style>
      <LineString><tessellate>1</tessellate><coordinates>118.97608228,32.21339319,0 118.98621483,32.21776017,0</coordinates></LineString>
    </Placemark>
    <Placemark>
      <name>Drone task 35 pass 1 swath</name>
      <Style>
        <LineStyle><color>ccff8402</color><width>3</width></LineStyle>
        <PolyStyle><color>3338bdf8</color></PolyStyle>
      </Style>
      <Polygon><outerBoundaryIs><LinearRing><coordinates>118.96964582,32.21083492,0 118.97574946,32.21346551,0 118.97576489,32.21343989,0 118.96966125,32.21080931,0 118.96964582,32.21083492,0</coordinates></LinearRing></outerBoundaryIs></Polygon>
    </Placemark>
    <Placemark>
      <name>Drone task 35 pass 1</name>
      <Style><LineStyle><color>cc2563eb</color><width>3</width></LineStyle></Style>
      <LineString><tessellate>1</tessellate><coordinates>118.96965354,32.21082212,0 118.97575717,32.21345270,0</coordinates></LineString>
    </Placemark>
    <Placemark>
      <name>Drone task 36 pass 1 swath</name>
      <Style>
        <LineStyle><color>ccff8402</color><width>3</width></LineStyle>
        <PolyStyle><color>3338bdf8</color></PolyStyle>
      </Style>
      <Polygon><outerBoundaryIs><LinearRing><coordinates>118.97597171,32.21356128,0 118.98611094,32.21793115,0 118.98612637,32.21790553,0 118.97598714,32.21353567,0 118.97597171,32.21356128,0</coordinates></LinearRing></outerBoundaryIs></Polygon>
    </Placemark>
    <Placemark>
      <name>Drone task 36 pass 1</name>
      <Style><LineStyle><color>cc2563eb</color><width>3</width></LineStyle></Style>
      <LineString><tessellate>1</tessellate><coordinates>118.97597942,32.21354848,0 118.98611865,32.21791834,0</coordinates></LineString>
    </Placemark>
    <Placemark>
      <name>Drone task 39 pass 1 swath</name>
      <Style>
        <LineStyle><color>ccff8402</color><width>3</width></LineStyle>
        <PolyStyle><color>3338bdf8</color></PolyStyle>
      </Style>
      <Polygon><outerBoundaryIs><LinearRing><coordinates>118.96955144,32.21099387,0 118.97564582,32.21362046,0 118.97566124,32.21359484,0 118.96956687,32.21096826,0 118.96955144,32.21099387,0</coordinates></LinearRing></outerBoundaryIs></Polygon>
    </Placemark>
    <Placemark>
      <name>Drone task 39 pass 1</name>
      <Style><LineStyle><color>cc2563eb</color><width>3</width></LineStyle></Style>
      <LineString><tessellate>1</tessellate><coordinates>118.96955916,32.21098107,0 118.97565353,32.21360765,0</coordinates></LineString>
    </Placemark>
    <Placemark>
      <name>Drone task 40 pass 1 swath</name>
      <Style>
        <LineStyle><color>ccff8402</color><width>3</width></LineStyle>
        <PolyStyle><color>3338bdf8</color></PolyStyle>
      </Style>
      <Polygon><outerBoundaryIs><LinearRing><coordinates>118.97586884,32.21371658,0 118.98601476,32.21808932,0 118.98603019,32.21806371,0 118.97588427,32.21369097,0 118.97586884,32.21371658,0</coordinates></LinearRing></outerBoundaryIs></Polygon>
    </Placemark>
    <Placemark>
      <name>Drone task 40 pass 1</name>
      <Style><LineStyle><color>cc2563eb</color><width>3</width></LineStyle></Style>
      <LineString><tessellate>1</tessellate><coordinates>118.97587655,32.21370378,0 118.98602248,32.21807652,0</coordinates></LineString>
    </Placemark>
    <Placemark>
      <name>Drone task 43 pass 1 swath</name>
      <Style>
        <LineStyle><color>ccff8402</color><width>3</width></LineStyle>
        <PolyStyle><color>3338bdf8</color></PolyStyle>
      </Style>
      <Polygon><outerBoundaryIs><LinearRing><coordinates>118.96945707,32.21115282,0 118.97554217,32.21377542,0 118.97555760,32.21374980,0 118.96947250,32.21112721,0 118.96945707,32.21115282,0</coordinates></LinearRing></outerBoundaryIs></Polygon>
    </Placemark>
    <Placemark>
      <name>Drone task 43 pass 1</name>
      <Style><LineStyle><color>cc2563eb</color><width>3</width></LineStyle></Style>
      <LineString><tessellate>1</tessellate><coordinates>118.96946478,32.21114001,0 118.97554989,32.21376261,0</coordinates></LineString>
    </Placemark>
    <Placemark>
      <name>Drone task 47 pass 1 swath</name>
      <Style>
        <LineStyle><color>ccff8402</color><width>3</width></LineStyle>
        <PolyStyle><color>3338bdf8</color></PolyStyle>
      </Style>
      <Polygon><outerBoundaryIs><LinearRing><coordinates>118.96936269,32.21131178,0 118.97543854,32.21393037,0 118.97545397,32.21390476,0 118.96937812,32.21128616,0 118.96936269,32.21131178,0</coordinates></LinearRing></outerBoundaryIs></Polygon>
    </Placemark>
    <Placemark>
      <name>Drone task 47 pass 1</name>
      <Style><LineStyle><color>cc2563eb</color><width>3</width></LineStyle></Style>
      <LineString><tessellate>1</tessellate><coordinates>118.96937040,32.21129897,0 118.97544626,32.21391757,0</coordinates></LineString>
    </Placemark>
    <Placemark>
      <name>Drone task 55 pass 1 swath</name>
      <Style>
        <LineStyle><color>ccff8402</color><width>3</width></LineStyle>
        <PolyStyle><color>3338bdf8</color></PolyStyle>
      </Style>
      <Polygon><outerBoundaryIs><LinearRing><coordinates>118.96917394,32.21162967,0 118.97523126,32.21424028,0 118.97524669,32.21421467,0 118.96918936,32.21160406,0 118.96917394,32.21162967,0</coordinates></LinearRing></outerBoundaryIs></Polygon>
    </Placemark>
    <Placemark>
      <name>Drone task 55 pass 1</name>
      <Style><LineStyle><color>cc2563eb</color><width>3</width></LineStyle></Style>
      <LineString><tessellate>1</tessellate><coordinates>118.96918165,32.21161687,0 118.97523897,32.21422748,0</coordinates></LineString>
    </Placemark>
    <Placemark>
      <name>Drone task 59 pass 1 swath</name>
      <Style>
        <LineStyle><color>ccff8402</color><width>3</width></LineStyle>
        <PolyStyle><color>3338bdf8</color></PolyStyle>
      </Style>
      <Polygon><outerBoundaryIs><LinearRing><coordinates>118.96907955,32.21178862,0 118.97512761,32.21439524,0 118.97514304,32.21436963,0 118.96909498,32.21176301,0 118.96907955,32.21178862,0</coordinates></LinearRing></outerBoundaryIs></Polygon>
    </Placemark>
    <Placemark>
      <name>Drone task 59 pass 1</name>
      <Style><LineStyle><color>cc2563eb</color><width>3</width></LineStyle></Style>
      <LineString><tessellate>1</tessellate><coordinates>118.96908727,32.21177581,0 118.97513533,32.21438244,0</coordinates></LineString>
    </Placemark>
    <Placemark>
      <name>Drone task 63 pass 1 swath</name>
      <Style>
        <LineStyle><color>ccff8402</color><width>3</width></LineStyle>
        <PolyStyle><color>3338bdf8</color></PolyStyle>
      </Style>
      <Polygon><outerBoundaryIs><LinearRing><coordinates>118.96898517,32.21194757,0 118.97502397,32.21455020,0 118.97503940,32.21452459,0 118.96900060,32.21192196,0 118.96898517,32.21194757,0</coordinates></LinearRing></outerBoundaryIs></Polygon>
    </Placemark>
    <Placemark>
      <name>Drone task 63 pass 1</name>
      <Style><LineStyle><color>cc2563eb</color><width>3</width></LineStyle></Style>
      <LineString><tessellate>1</tessellate><coordinates>118.96899289,32.21193476,0 118.97503169,32.21453740,0</coordinates></LineString>
    </Placemark>
    <Placemark>
      <name>Drone task 67 pass 1 swath</name>
      <Style>
        <LineStyle><color>ccff8402</color><width>3</width></LineStyle>
        <PolyStyle><color>3338bdf8</color></PolyStyle>
      </Style>
      <Polygon><outerBoundaryIs><LinearRing><coordinates>118.96889080,32.21210652,0 118.97492034,32.21470515,0 118.97493577,32.21467954,0 118.96890623,32.21208090,0 118.96889080,32.21210652,0</coordinates></LinearRing></outerBoundaryIs></Polygon>
    </Placemark>
    <Placemark>
      <name>Drone task 67 pass 1</name>
      <Style><LineStyle><color>cc2563eb</color><width>3</width></LineStyle></Style>
      <LineString><tessellate>1</tessellate><coordinates>118.96889852,32.21209371,0 118.97492805,32.21469235,0</coordinates></LineString>
    </Placemark>
    <Placemark>
      <name>Drone task 71 pass 1 swath</name>
      <Style>
        <LineStyle><color>ccff8402</color><width>3</width></LineStyle>
        <PolyStyle><color>3338bdf8</color></PolyStyle>
      </Style>
      <Polygon><outerBoundaryIs><LinearRing><coordinates>118.96879642,32.21226546,0 118.97481670,32.21486011,0 118.97483213,32.21483450,0 118.96881185,32.21223985,0 118.96879642,32.21226546,0</coordinates></LinearRing></outerBoundaryIs></Polygon>
    </Placemark>
    <Placemark>
      <name>Drone task 71 pass 1</name>
      <Style><LineStyle><color>cc2563eb</color><width>3</width></LineStyle></Style>
      <LineString><tessellate>1</tessellate><coordinates>118.96880413,32.21225266,0 118.97482441,32.21484731,0</coordinates></LineString>
    </Placemark>
    <Placemark>
      <name>Drone task 72 pass 1 swath</name>
      <Style>
        <LineStyle><color>ccff8402</color><width>3</width></LineStyle>
        <PolyStyle><color>3338bdf8</color></PolyStyle>
      </Style>
      <Polygon><outerBoundaryIs><LinearRing><coordinates>118.97504598,32.21495893,0 118.98524535,32.21935471,0 118.98526078,32.21932909,0 118.97506141,32.21493331,0 118.97504598,32.21495893,0</coordinates></LinearRing></outerBoundaryIs></Polygon>
    </Placemark>
    <Placemark>
      <name>Drone task 72 pass 1</name>
      <Style><LineStyle><color>cc2563eb</color><width>3</width></LineStyle></Style>
      <LineString><tessellate>1</tessellate><coordinates>118.97505369,32.21494612,0 118.98525307,32.21934190,0</coordinates></LineString>
    </Placemark>
    <Placemark>
      <name>Drone task 76 pass 1 swath</name>
      <Style>
        <LineStyle><color>ccff8402</color><width>3</width></LineStyle>
        <PolyStyle><color>3338bdf8</color></PolyStyle>
      </Style>
      <Polygon><outerBoundaryIs><LinearRing><coordinates>118.97494312,32.21511423,0 118.98514918,32.21951288,0 118.98516460,32.21948727,0 118.97495855,32.21508862,0 118.97494312,32.21511423,0</coordinates></LinearRing></outerBoundaryIs></Polygon>
    </Placemark>
    <Placemark>
      <name>Drone task 76 pass 1</name>
      <Style><LineStyle><color>cc2563eb</color><width>3</width></LineStyle></Style>
      <LineString><tessellate>1</tessellate><coordinates>118.97495083,32.21510142,0 118.98515689,32.21950008,0</coordinates></LineString>
    </Placemark>
    <Placemark>
      <name>Drone task 79 pass 1 swath</name>
      <Style>
        <LineStyle><color>ccff8402</color><width>3</width></LineStyle>
        <PolyStyle><color>3338bdf8</color></PolyStyle>
      </Style>
      <Polygon><outerBoundaryIs><LinearRing><coordinates>118.96860767,32.21258336,0 118.97460941,32.21517002,0 118.97462484,32.21514441,0 118.96862310,32.21255775,0 118.96860767,32.21258336,0</coordinates></LinearRing></outerBoundaryIs></Polygon>
    </Placemark>
    <Placemark>
      <name>Drone task 79 pass 1</name>
      <Style><LineStyle><color>cc2563eb</color><width>3</width></LineStyle></Style>
      <LineString><tessellate>1</tessellate><coordinates>118.96861538,32.21257055,0 118.97461713,32.21515722,0</coordinates></LineString>
    </Placemark>
    <Placemark>
      <name>Drone task 80 pass 1 swath</name>
      <Style>
        <LineStyle><color>ccff8402</color><width>3</width></LineStyle>
        <PolyStyle><color>3338bdf8</color></PolyStyle>
      </Style>
      <Polygon><outerBoundaryIs><LinearRing><coordinates>118.97484026,32.21526952,0 118.98505300,32.21967106,0 118.98506843,32.21964545,0 118.97485569,32.21524391,0 118.97484026,32.21526952,0</coordinates></LinearRing></outerBoundaryIs></Polygon>
    </Placemark>
    <Placemark>
      <name>Drone task 80 pass 1</name>
      <Style><LineStyle><color>cc2563eb</color><width>3</width></LineStyle></Style>
      <LineString><tessellate>1</tessellate><coordinates>118.97484798,32.21525671,0 118.98506071,32.21965825,0</coordinates></LineString>
    </Placemark>
    <Placemark>
      <name>Drone task 83 pass 1 swath</name>
      <Style>
        <LineStyle><color>ccff8402</color><width>3</width></LineStyle>
        <PolyStyle><color>3338bdf8</color></PolyStyle>
      </Style>
      <Polygon><outerBoundaryIs><LinearRing><coordinates>118.96851329,32.21274231,0 118.97450577,32.21532498,0 118.97452120,32.21529937,0 118.96852871,32.21271669,0 118.96851329,32.21274231,0</coordinates></LinearRing></outerBoundaryIs></Polygon>
    </Placemark>
    <Placemark>
      <name>Drone task 83 pass 1</name>
      <Style><LineStyle><color>cc2563eb</color><width>3</width></LineStyle></Style>
      <LineString><tessellate>1</tessellate><coordinates>118.96852100,32.21272950,0 118.97451348,32.21531218,0</coordinates></LineString>
    </Placemark>
    <Placemark>
      <name>Drone task 84 pass 1 swath</name>
      <Style>
        <LineStyle><color>ccff8402</color><width>3</width></LineStyle>
        <PolyStyle><color>3338bdf8</color></PolyStyle>
      </Style>
      <Polygon><outerBoundaryIs><LinearRing><coordinates>118.97473741,32.21542481,0 118.98495682,32.21982923,0 118.98497225,32.21980362,0 118.97475284,32.21539920,0 118.97473741,32.21542481,0</coordinates></LinearRing></outerBoundaryIs></Polygon>
    </Placemark>
    <Placemark>
      <name>Drone task 84 pass 1</name>
      <Style><LineStyle><color>cc2563eb</color><width>3</width></LineStyle></Style>
      <LineString><tessellate>1</tessellate><coordinates>118.97474512,32.21541201,0 118.98496454,32.21981643,0</coordinates></LineString>
    </Placemark>
    <Placemark>
      <name>Drone task 87 pass 1 swath</name>
      <Style>
        <LineStyle><color>ccff8402</color><width>3</width></LineStyle>
        <PolyStyle><color>3338bdf8</color></PolyStyle>
      </Style>
      <Polygon><outerBoundaryIs><LinearRing><coordinates>118.96841890,32.21290126,0 118.97440214,32.21547994,0 118.97441757,32.21545433,0 118.96843433,32.21287564,0 118.96841890,32.21290126,0</coordinates></LinearRing></outerBoundaryIs></Polygon>
    </Placemark>
    <Placemark>
      <name>Drone task 87 pass 1</name>
      <Style><LineStyle><color>cc2563eb</color><width>3</width></LineStyle></Style>
      <LineString><tessellate>1</tessellate><coordinates>118.96842662,32.21288845,0 118.97440985,32.21546714,0</coordinates></LineString>
    </Placemark>
    <Placemark>
      <name>Drone task 88 pass 1 swath</name>
      <Style>
        <LineStyle><color>ccff8402</color><width>3</width></LineStyle>
        <PolyStyle><color>3338bdf8</color></PolyStyle>
      </Style>
      <Polygon><outerBoundaryIs><LinearRing><coordinates>118.97463455,32.21558010,0 118.98486065,32.21998740,0 118.98487608,32.21996179,0 118.97464998,32.21555449,0 118.97463455,32.21558010,0</coordinates></LinearRing></outerBoundaryIs></Polygon>
    </Placemark>
    <Placemark>
      <name>Drone task 88 pass 1</name>
      <Style><LineStyle><color>cc2563eb</color><width>3</width></LineStyle></Style>
      <LineString><tessellate>1</tessellate><coordinates>118.97464227,32.21556730,0 118.98486836,32.21997459,0</coordinates></LineString>
    </Placemark>
    <Placemark>
      <name>Drone task 91 pass 1 swath</name>
      <Style>
        <LineStyle><color>ccff8402</color><width>3</width></LineStyle>
        <PolyStyle><color>3338bdf8</color></PolyStyle>
      </Style>
      <Polygon><outerBoundaryIs><LinearRing><coordinates>118.96832453,32.21306020,0 118.97429850,32.21563490,0 118.97431392,32.21560929,0 118.96833996,32.21303459,0 118.96832453,32.21306020,0</coordinates></LinearRing></outerBoundaryIs></Polygon>
    </Placemark>
    <Placemark>
      <name>Drone task 91 pass 1</name>
      <Style><LineStyle><color>cc2563eb</color><width>3</width></LineStyle></Style>
      <LineString><tessellate>1</tessellate><coordinates>118.96833225,32.21304740,0 118.97430621,32.21562209,0</coordinates></LineString>
    </Placemark>
    <Placemark>
      <name>Drone task 92 pass 1 swath</name>
      <Style>
        <LineStyle><color>ccff8402</color><width>3</width></LineStyle>
        <PolyStyle><color>3338bdf8</color></PolyStyle>
      </Style>
      <Polygon><outerBoundaryIs><LinearRing><coordinates>118.97453169,32.21573540,0 118.98476447,32.22014558,0 118.98477990,32.22011996,0 118.97454712,32.21570979,0 118.97453169,32.21573540,0</coordinates></LinearRing></outerBoundaryIs></Polygon>
    </Placemark>
    <Placemark>
      <name>Drone task 92 pass 1</name>
      <Style><LineStyle><color>cc2563eb</color><width>3</width></LineStyle></Style>
      <LineString><tessellate>1</tessellate><coordinates>118.97453941,32.21572260,0 118.98477218,32.22013277,0</coordinates></LineString>
    </Placemark>
    <Placemark>
      <name>Drone task 95 pass 1 swath</name>
      <Style>
        <LineStyle><color>ccff8402</color><width>3</width></LineStyle>
        <PolyStyle><color>3338bdf8</color></PolyStyle>
      </Style>
      <Polygon><outerBoundaryIs><LinearRing><coordinates>118.96823015,32.21321915,0 118.97419485,32.21578985,0 118.97421028,32.21576424,0 118.96824558,32.21319354,0 118.96823015,32.21321915,0</coordinates></LinearRing></outerBoundaryIs></Polygon>
    </Placemark>
    <Placemark>
      <name>Drone task 95 pass 1</name>
      <Style><LineStyle><color>cc2563eb</color><width>3</width></LineStyle></Style>
      <LineString><tessellate>1</tessellate><coordinates>118.96823787,32.21320635,0 118.97420257,32.21577704,0</coordinates></LineString>
    </Placemark>
    <Placemark>
      <name>Drone task 96 pass 1 swath</name>
      <Style>
        <LineStyle><color>ccff8402</color><width>3</width></LineStyle>
        <PolyStyle><color>3338bdf8</color></PolyStyle>
      </Style>
      <Polygon><outerBoundaryIs><LinearRing><coordinates>118.97442884,32.21589070,0 118.98466829,32.22030375,0 118.98468372,32.22027814,0 118.97444427,32.21586508,0 118.97442884,32.21589070,0</coordinates></LinearRing></outerBoundaryIs></Polygon>
    </Placemark>
    <Placemark>
      <name>Drone task 96 pass 1</name>
      <Style><LineStyle><color>cc2563eb</color><width>3</width></LineStyle></Style>
      <LineString><tessellate>1</tessellate><coordinates>118.97443655,32.21587789,0 118.98467601,32.22029094,0</coordinates></LineString>
    </Placemark>
    <Placemark>
      <name>Drone task 99 pass 1 swath</name>
      <Style>
        <LineStyle><color>ccff8402</color><width>3</width></LineStyle>
        <PolyStyle><color>3338bdf8</color></PolyStyle>
      </Style>
      <Polygon><outerBoundaryIs><LinearRing><coordinates>118.96813577,32.21337810,0 118.97409121,32.21594481,0 118.97410664,32.21591920,0 118.96815120,32.21335249,0 118.96813577,32.21337810,0</coordinates></LinearRing></outerBoundaryIs></Polygon>
    </Placemark>
    <Placemark>
      <name>Drone task 99 pass 1</name>
      <Style><LineStyle><color>cc2563eb</color><width>3</width></LineStyle></Style>
      <LineString><tessellate>1</tessellate><coordinates>118.96814348,32.21336529,0 118.97409893,32.21593200,0</coordinates></LineString>
    </Placemark>
    <Placemark>
      <name>Drone task 100 pass 1 swath</name>
      <Style>
        <LineStyle><color>ccff8402</color><width>3</width></LineStyle>
        <PolyStyle><color>3338bdf8</color></PolyStyle>
      </Style>
      <Polygon><outerBoundaryIs><LinearRing><coordinates>118.97432597,32.21604599,0 118.98457212,32.22046193,0 118.98458755,32.22043631,0 118.97434140,32.21602038,0 118.97432597,32.21604599,0</coordinates></LinearRing></outerBoundaryIs></Polygon>
    </Placemark>
    <Placemark>
      <name>Drone task 100 pass 1</name>
      <Style><LineStyle><color>cc2563eb</color><width>3</width></LineStyle></Style>
      <LineString><tessellate>1</tessellate><coordinates>118.97433369,32.21603318,0 118.98457983,32.22044912,0</coordinates></LineString>
    </Placemark>
    <Placemark>
      <name>Drone task 103 pass 1 swath</name>
      <Style>
        <LineStyle><color>ccff8402</color><width>3</width></LineStyle>
        <PolyStyle><color>3338bdf8</color></PolyStyle>
      </Style>
      <Polygon><outerBoundaryIs><LinearRing><coordinates>118.96804140,32.21353706,0 118.97398757,32.21609977,0 118.97400300,32.21607416,0 118.96805683,32.21351144,0 118.96804140,32.21353706,0</coordinates></LinearRing></outerBoundaryIs></Polygon>
    </Placemark>
    <Placemark>
      <name>Drone task 103 pass 1</name>
      <Style><LineStyle><color>cc2563eb</color><width>3</width></LineStyle></Style>
      <LineString><tessellate>1</tessellate><coordinates>118.96804911,32.21352425,0 118.97399528,32.21608696,0</coordinates></LineString>
    </Placemark>
    <Placemark>
      <name>Drone task 104 pass 1 swath</name>
      <Style>
        <LineStyle><color>ccff8402</color><width>3</width></LineStyle>
        <PolyStyle><color>3338bdf8</color></PolyStyle>
      </Style>
      <Polygon><outerBoundaryIs><LinearRing><coordinates>118.97422311,32.21620128,0 118.98447594,32.22062010,0 118.98449137,32.22059449,0 118.97423854,32.21617567,0 118.97422311,32.21620128,0</coordinates></LinearRing></outerBoundaryIs></Polygon>
    </Placemark>
    <Placemark>
      <name>Drone task 104 pass 1</name>
      <Style><LineStyle><color>cc2563eb</color><width>3</width></LineStyle></Style>
      <LineString><tessellate>1</tessellate><coordinates>118.97423083,32.21618847,0 118.98448365,32.22060730,0</coordinates></LineString>
    </Placemark>
    <Placemark>
      <name>Drone task 107 pass 1 swath</name>
      <Style>
        <LineStyle><color>ccff8402</color><width>3</width></LineStyle>
        <PolyStyle><color>3338bdf8</color></PolyStyle>
      </Style>
      <Polygon><outerBoundaryIs><LinearRing><coordinates>118.96794702,32.21369600,0 118.97388394,32.21625472,0 118.97389937,32.21622911,0 118.96796245,32.21367039,0 118.96794702,32.21369600,0</coordinates></LinearRing></outerBoundaryIs></Polygon>
    </Placemark>
    <Placemark>
      <name>Drone task 107 pass 1</name>
      <Style><LineStyle><color>cc2563eb</color><width>3</width></LineStyle></Style>
      <LineString><tessellate>1</tessellate><coordinates>118.96795473,32.21368320,0 118.97389165,32.21624191,0</coordinates></LineString>
    </Placemark>
    <Placemark>
      <name>Drone task 108 pass 1 swath</name>
      <Style>
        <LineStyle><color>ccff8402</color><width>3</width></LineStyle>
        <PolyStyle><color>3338bdf8</color></PolyStyle>
      </Style>
      <Polygon><outerBoundaryIs><LinearRing><coordinates>118.97412026,32.21635658,0 118.98437976,32.22077827,0 118.98439519,32.22075266,0 118.97413569,32.21633097,0 118.97412026,32.21635658,0</coordinates></LinearRing></outerBoundaryIs></Polygon>
    </Placemark>
    <Placemark>
      <name>Drone task 108 pass 1</name>
      <Style><LineStyle><color>cc2563eb</color><width>3</width></LineStyle></Style>
      <LineString><tessellate>1</tessellate><coordinates>118.97412797,32.21634377,0 118.98438748,32.22076546,0</coordinates></LineString>
    </Placemark>
    <Placemark>
      <name>Drone task 111 pass 1 swath</name>
      <Style>
        <LineStyle><color>ccff8402</color><width>3</width></LineStyle>
        <PolyStyle><color>3338bdf8</color></PolyStyle>
      </Style>
      <Polygon><outerBoundaryIs><LinearRing><coordinates>118.96785264,32.21385495,0 118.97378029,32.21640968,0 118.97379572,32.21638407,0 118.96786806,32.21382934,0 118.96785264,32.21385495,0</coordinates></LinearRing></outerBoundaryIs></Polygon>
    </Placemark>
    <Placemark>
      <name>Drone task 111 pass 1</name>
      <Style><LineStyle><color>cc2563eb</color><width>3</width></LineStyle></Style>
      <LineString><tessellate>1</tessellate><coordinates>118.96786035,32.21384215,0 118.97378801,32.21639687,0</coordinates></LineString>
    </Placemark>
    <Placemark>
      <name>Drone task 112 pass 1 swath</name>
      <Style>
        <LineStyle><color>ccff8402</color><width>3</width></LineStyle>
        <PolyStyle><color>3338bdf8</color></PolyStyle>
      </Style>
      <Polygon><outerBoundaryIs><LinearRing><coordinates>118.97401740,32.21651187,0 118.98428359,32.22093644,0 118.98429902,32.22091083,0 118.97403283,32.21648626,0 118.97401740,32.21651187,0</coordinates></LinearRing></outerBoundaryIs></Polygon>
    </Placemark>
    <Placemark>
      <name>Drone task 112 pass 1</name>
      <Style><LineStyle><color>cc2563eb</color><width>3</width></LineStyle></Style>
      <LineString><tessellate>1</tessellate><coordinates>118.97402512,32.21649907,0 118.98429130,32.22092364,0</coordinates></LineString>
    </Placemark>
    <Placemark>
      <name>Drone task 115 pass 1 swath</name>
      <Style>
        <LineStyle><color>ccff8402</color><width>3</width></LineStyle>
        <PolyStyle><color>3338bdf8</color></PolyStyle>
      </Style>
      <Polygon><outerBoundaryIs><LinearRing><coordinates>118.96775827,32.21401390,0 118.97367665,32.21656464,0 118.97369208,32.21653903,0 118.96777369,32.21398829,0 118.96775827,32.21401390,0</coordinates></LinearRing></outerBoundaryIs></Polygon>
    </Placemark>
    <Placemark>
      <name>Drone task 115 pass 1</name>
      <Style><LineStyle><color>cc2563eb</color><width>3</width></LineStyle></Style>
      <LineString><tessellate>1</tessellate><coordinates>118.96776598,32.21400109,0 118.97368437,32.21655183,0</coordinates></LineString>
    </Placemark>
    <Placemark>
      <name>Drone task 119 pass 1 swath</name>
      <Style>
        <LineStyle><color>ccff8402</color><width>3</width></LineStyle>
        <PolyStyle><color>3338bdf8</color></PolyStyle>
      </Style>
      <Polygon><outerBoundaryIs><LinearRing><coordinates>118.96766388,32.21417285,0 118.97357301,32.21671960,0 118.97358844,32.21669399,0 118.96767931,32.21414724,0 118.96766388,32.21417285,0</coordinates></LinearRing></outerBoundaryIs></Polygon>
    </Placemark>
    <Placemark>
      <name>Drone task 119 pass 1</name>
      <Style><LineStyle><color>cc2563eb</color><width>3</width></LineStyle></Style>
      <LineString><tessellate>1</tessellate><coordinates>118.96767160,32.21416004,0 118.97358072,32.21670679,0</coordinates></LineString>
    </Placemark>
    <Placemark>
      <name>Drone task 120 pass 1 swath</name>
      <Style>
        <LineStyle><color>ccff8402</color><width>3</width></LineStyle>
        <PolyStyle><color>3338bdf8</color></PolyStyle>
      </Style>
      <Polygon><outerBoundaryIs><LinearRing><coordinates>118.97381169,32.21682246,0 118.98409123,32.22125279,0 118.98410666,32.22122718,0 118.97382712,32.21679684,0 118.97381169,32.21682246,0</coordinates></LinearRing></outerBoundaryIs></Polygon>
    </Placemark>
    <Placemark>
      <name>Drone task 120 pass 1</name>
      <Style><LineStyle><color>cc2563eb</color><width>3</width></LineStyle></Style>
      <LineString><tessellate>1</tessellate><coordinates>118.97381940,32.21680965,0 118.98409895,32.22123999,0</coordinates></LineString>
    </Placemark>
    <Placemark>
      <name>Drone task 123 pass 1 swath</name>
      <Style>
        <LineStyle><color>ccff8402</color><width>3</width></LineStyle>
        <PolyStyle><color>3338bdf8</color></PolyStyle>
      </Style>
      <Polygon><outerBoundaryIs><LinearRing><coordinates>118.96756950,32.21433180,0 118.97346937,32.21687455,0 118.97348480,32.21684894,0 118.96758493,32.21430618,0 118.96756950,32.21433180,0</coordinates></LinearRing></outerBoundaryIs></Polygon>
    </Placemark>
    <Placemark>
      <name>Drone task 123 pass 1</name>
      <Style><LineStyle><color>cc2563eb</color><width>3</width></LineStyle></Style>
      <LineString><tessellate>1</tessellate><coordinates>118.96757722,32.21431899,0 118.97347708,32.21686174,0</coordinates></LineString>
    </Placemark>
    <Placemark>
      <name>Drone task 124 pass 1 swath</name>
      <Style>
        <LineStyle><color>ccff8402</color><width>3</width></LineStyle>
        <PolyStyle><color>3338bdf8</color></PolyStyle>
      </Style>
      <Polygon><outerBoundaryIs><LinearRing><coordinates>118.97370883,32.21697776,0 118.98399506,32.22141097,0 118.98401049,32.22138536,0 118.97372426,32.21695214,0 118.97370883,32.21697776,0</coordinates></LinearRing></outerBoundaryIs></Polygon>
    </Placemark>
    <Placemark>
      <name>Drone task 124 pass 1</name>
      <Style><LineStyle><color>cc2563eb</color><width>3</width></LineStyle></Style>
      <LineString><tessellate>1</tessellate><coordinates>118.97371655,32.21696495,0 118.98400277,32.22139816,0</coordinates></LineString>
    </Placemark>
    <Placemark>
      <name>Drone task 127 pass 1 swath</name>
      <Style>
        <LineStyle><color>ccff8402</color><width>3</width></LineStyle>
        <PolyStyle><color>3338bdf8</color></PolyStyle>
      </Style>
      <Polygon><outerBoundaryIs><LinearRing><coordinates>118.96747513,32.21449074,0 118.97336574,32.21702951,0 118.97338116,32.21700390,0 118.96749056,32.21446513,0 118.96747513,32.21449074,0</coordinates></LinearRing></outerBoundaryIs></Polygon>
    </Placemark>
    <Placemark>
      <name>Drone task 127 pass 1</name>
      <Style><LineStyle><color>cc2563eb</color><width>3</width></LineStyle></Style>
      <LineString><tessellate>1</tessellate><coordinates>118.96748285,32.21447794,0 118.97337345,32.21701670,0</coordinates></LineString>
    </Placemark>
    <Placemark>
      <name>Drone task 128 pass 1 swath</name>
      <Style>
        <LineStyle><color>ccff8402</color><width>3</width></LineStyle>
        <PolyStyle><color>3338bdf8</color></PolyStyle>
      </Style>
      <Polygon><outerBoundaryIs><LinearRing><coordinates>118.97360597,32.21713305,0 118.98389888,32.22156914,0 118.98391431,32.22154352,0 118.97362140,32.21710744,0 118.97360597,32.21713305,0</coordinates></LinearRing></outerBoundaryIs></Polygon>
    </Placemark>
    <Placemark>
      <name>Drone task 128 pass 1</name>
      <Style><LineStyle><color>cc2563eb</color><width>3</width></LineStyle></Style>
      <LineString><tessellate>1</tessellate><coordinates>118.97361369,32.21712024,0 118.98390660,32.22155633,0</coordinates></LineString>
    </Placemark>
    <Placemark>
      <name>Drone task 131 pass 1 swath</name>
      <Style>
        <LineStyle><color>ccff8402</color><width>3</width></LineStyle>
        <PolyStyle><color>3338bdf8</color></PolyStyle>
      </Style>
      <Polygon><outerBoundaryIs><LinearRing><coordinates>118.96738075,32.21464969,0 118.97326209,32.21718447,0 118.97327752,32.21715886,0 118.96739618,32.21462408,0 118.96738075,32.21464969,0</coordinates></LinearRing></outerBoundaryIs></Polygon>
    </Placemark>
    <Placemark>
      <name>Drone task 131 pass 1</name>
      <Style><LineStyle><color>cc2563eb</color><width>3</width></LineStyle></Style>
      <LineString><tessellate>1</tessellate><coordinates>118.96738846,32.21463689,0 118.97326981,32.21717166,0</coordinates></LineString>
    </Placemark>
    <Placemark>
      <name>Drone task 132 pass 1 swath</name>
      <Style>
        <LineStyle><color>ccff8402</color><width>3</width></LineStyle>
        <PolyStyle><color>3338bdf8</color></PolyStyle>
      </Style>
      <Polygon><outerBoundaryIs><LinearRing><coordinates>118.97350311,32.21728834,0 118.98380271,32.22172731,0 118.98381813,32.22170170,0 118.97351854,32.21726273,0 118.97350311,32.21728834,0</coordinates></LinearRing></outerBoundaryIs></Polygon>
    </Placemark>
    <Placemark>
      <name>Drone task 132 pass 1</name>
      <Style><LineStyle><color>cc2563eb</color><width>3</width></LineStyle></Style>
      <LineString><tessellate>1</tessellate><coordinates>118.97351082,32.21727553,0 118.98381042,32.22171450,0</coordinates></LineString>
    </Placemark>
    <Placemark>
      <name>Drone task 135 pass 1 swath</name>
      <Style>
        <LineStyle><color>ccff8402</color><width>3</width></LineStyle>
        <PolyStyle><color>3338bdf8</color></PolyStyle>
      </Style>
      <Polygon><outerBoundaryIs><LinearRing><coordinates>118.96728637,32.21480864,0 118.97315845,32.21733942,0 118.97317388,32.21731381,0 118.96730180,32.21478303,0 118.96728637,32.21480864,0</coordinates></LinearRing></outerBoundaryIs></Polygon>
    </Placemark>
    <Placemark>
      <name>Drone task 135 pass 1</name>
      <Style><LineStyle><color>cc2563eb</color><width>3</width></LineStyle></Style>
      <LineString><tessellate>1</tessellate><coordinates>118.96729408,32.21479583,0 118.97316617,32.21732661,0</coordinates></LineString>
    </Placemark>
    <Placemark>
      <name>Drone task 136 pass 1 swath</name>
      <Style>
        <LineStyle><color>ccff8402</color><width>3</width></LineStyle>
        <PolyStyle><color>3338bdf8</color></PolyStyle>
      </Style>
      <Polygon><outerBoundaryIs><LinearRing><coordinates>118.97340025,32.21744363,0 118.98370653,32.22188549,0 118.98372196,32.22185987,0 118.97341568,32.21741802,0 118.97340025,32.21744363,0</coordinates></LinearRing></outerBoundaryIs></Polygon>
    </Placemark>
    <Placemark>
      <name>Drone task 136 pass 1</name>
      <Style><LineStyle><color>cc2563eb</color><width>3</width></LineStyle></Style>
      <LineString><tessellate>1</tessellate><coordinates>118.97340797,32.21743083,0 118.98371424,32.22187268,0</coordinates></LineString>
    </Placemark>
    <Placemark>
      <name>Drone task 139 pass 1 swath</name>
      <Style>
        <LineStyle><color>ccff8402</color><width>3</width></LineStyle>
        <PolyStyle><color>3338bdf8</color></PolyStyle>
      </Style>
      <Polygon><outerBoundaryIs><LinearRing><coordinates>118.96719200,32.21496759,0 118.97305481,32.21749438,0 118.97307024,32.21746876,0 118.96720743,32.21494197,0 118.96719200,32.21496759,0</coordinates></LinearRing></outerBoundaryIs></Polygon>
    </Placemark>
    <Placemark>
      <name>Drone task 139 pass 1</name>
      <Style><LineStyle><color>cc2563eb</color><width>3</width></LineStyle></Style>
      <LineString><tessellate>1</tessellate><coordinates>118.96719971,32.21495478,0 118.97306252,32.21748157,0</coordinates></LineString>
    </Placemark>
    <Placemark>
      <name>Drone task 140 pass 1 swath</name>
      <Style>
        <LineStyle><color>ccff8402</color><width>3</width></LineStyle>
        <PolyStyle><color>3338bdf8</color></PolyStyle>
      </Style>
      <Polygon><outerBoundaryIs><LinearRing><coordinates>118.97329739,32.21759893,0 118.98361035,32.22204366,0 118.98362578,32.22201805,0 118.97331282,32.21757332,0 118.97329739,32.21759893,0</coordinates></LinearRing></outerBoundaryIs></Polygon>
    </Placemark>
    <Placemark>
      <name>Drone task 140 pass 1</name>
      <Style><LineStyle><color>cc2563eb</color><width>3</width></LineStyle></Style>
      <LineString><tessellate>1</tessellate><coordinates>118.97330511,32.21758613,0 118.98361807,32.22203086,0</coordinates></LineString>
    </Placemark>
    <Placemark>
      <name>Drone task 143 pass 1 swath</name>
      <Style>
        <LineStyle><color>ccff8402</color><width>3</width></LineStyle>
        <PolyStyle><color>3338bdf8</color></PolyStyle>
      </Style>
      <Polygon><outerBoundaryIs><LinearRing><coordinates>118.96709761,32.21512654,0 118.97295117,32.21764934,0 118.97296659,32.21762372,0 118.96711304,32.21510092,0 118.96709761,32.21512654,0</coordinates></LinearRing></outerBoundaryIs></Polygon>
    </Placemark>
    <Placemark>
      <name>Drone task 143 pass 1</name>
      <Style><LineStyle><color>cc2563eb</color><width>3</width></LineStyle></Style>
      <LineString><tessellate>1</tessellate><coordinates>118.96710533,32.21511373,0 118.97295888,32.21763653,0</coordinates></LineString>
    </Placemark>
    <Placemark>
      <name>Drone task 144 pass 1 swath</name>
      <Style>
        <LineStyle><color>ccff8402</color><width>3</width></LineStyle>
        <PolyStyle><color>3338bdf8</color></PolyStyle>
      </Style>
      <Polygon><outerBoundaryIs><LinearRing><coordinates>118.97319454,32.21775422,0 118.98351418,32.22220184,0 118.98352960,32.22217622,0 118.97320997,32.21772861,0 118.97319454,32.21775422,0</coordinates></LinearRing></outerBoundaryIs></Polygon>
    </Placemark>
    <Placemark>
      <name>Drone task 144 pass 1</name>
      <Style><LineStyle><color>cc2563eb</color><width>3</width></LineStyle></Style>
      <LineString><tessellate>1</tessellate><coordinates>118.97320225,32.21774142,0 118.98352189,32.22218903,0</coordinates></LineString>
    </Placemark>
    <Placemark>
      <name>Drone task 147 pass 1 swath</name>
      <Style>
        <LineStyle><color>ccff8402</color><width>3</width></LineStyle>
        <PolyStyle><color>3338bdf8</color></PolyStyle>
      </Style>
      <Polygon><outerBoundaryIs><LinearRing><coordinates>118.96700323,32.21528548,0 118.97284753,32.21780429,0 118.97286296,32.21777867,0 118.96701866,32.21525987,0 118.96700323,32.21528548,0</coordinates></LinearRing></outerBoundaryIs></Polygon>
    </Placemark>
    <Placemark>
      <name>Drone task 147 pass 1</name>
      <Style><LineStyle><color>cc2563eb</color><width>3</width></LineStyle></Style>
      <LineString><tessellate>1</tessellate><coordinates>118.96701095,32.21527268,0 118.97285525,32.21779148,0</coordinates></LineString>
    </Placemark>
    <Placemark>
      <name>Drone task 148 pass 1 swath</name>
      <Style>
        <LineStyle><color>ccff8402</color><width>3</width></LineStyle>
        <PolyStyle><color>3338bdf8</color></PolyStyle>
      </Style>
      <Polygon><outerBoundaryIs><LinearRing><coordinates>118.97309168,32.21790952,0 118.98341800,32.22236000,0 118.98343343,32.22233439,0 118.97310711,32.21788390,0 118.97309168,32.21790952,0</coordinates></LinearRing></outerBoundaryIs></Polygon>
    </Placemark>
    <Placemark>
      <name>Drone task 148 pass 1</name>
      <Style><LineStyle><color>cc2563eb</color><width>3</width></LineStyle></Style>
      <LineString><tessellate>1</tessellate><coordinates>118.97309940,32.21789671,0 118.98342571,32.22234720,0</coordinates></LineString>
    </Placemark>
    <Placemark>
      <name>Drone task 151 pass 1 swath</name>
      <Style>
        <LineStyle><color>ccff8402</color><width>3</width></LineStyle>
        <PolyStyle><color>3338bdf8</color></PolyStyle>
      </Style>
      <Polygon><outerBoundaryIs><LinearRing><coordinates>118.96690885,32.21544443,0 118.97274389,32.21795925,0 118.97275932,32.21793363,0 118.96692428,32.21541882,0 118.96690885,32.21544443,0</coordinates></LinearRing></outerBoundaryIs></Polygon>
    </Placemark>
    <Placemark>
      <name>Drone task 151 pass 1</name>
      <Style><LineStyle><color>cc2563eb</color><width>3</width></LineStyle></Style>
      <LineString><tessellate>1</tessellate><coordinates>118.96691657,32.21543162,0 118.97275161,32.21794644,0</coordinates></LineString>
    </Placemark>
    <Placemark>
      <name>Drone task 152 pass 1 swath</name>
      <Style>
        <LineStyle><color>ccff8402</color><width>3</width></LineStyle>
        <PolyStyle><color>3338bdf8</color></PolyStyle>
      </Style>
      <Polygon><outerBoundaryIs><LinearRing><coordinates>118.97298883,32.21806481,0 118.98332182,32.22251818,0 118.98333725,32.22249257,0 118.97300425,32.21803920,0 118.97298883,32.21806481,0</coordinates></LinearRing></outerBoundaryIs></Polygon>
    </Placemark>
    <Placemark>
      <name>Drone task 152 pass 1</name>
      <Style><LineStyle><color>cc2563eb</color><width>3</width></LineStyle></Style>
      <LineString><tessellate>1</tessellate><coordinates>118.97299654,32.21805200,0 118.98332954,32.22250537,0</coordinates></LineString>
    </Placemark>
    <Placemark>
      <name>Drone task 155 pass 1 swath</name>
      <Style>
        <LineStyle><color>ccff8402</color><width>3</width></LineStyle>
        <PolyStyle><color>3338bdf8</color></PolyStyle>
      </Style>
      <Polygon><outerBoundaryIs><LinearRing><coordinates>118.96681448,32.21560338,0 118.97264025,32.21811421,0 118.97265568,32.21808859,0 118.96682991,32.21557777,0 118.96681448,32.21560338,0</coordinates></LinearRing></outerBoundaryIs></Polygon>
    </Placemark>
    <Placemark>
      <name>Drone task 155 pass 1</name>
      <Style><LineStyle><color>cc2563eb</color><width>3</width></LineStyle></Style>
      <LineString><tessellate>1</tessellate><coordinates>118.96682220,32.21559057,0 118.97264796,32.21810140,0</coordinates></LineString>
    </Placemark>
    <Placemark>
      <name>Drone task 156 pass 1 swath</name>
      <Style>
        <LineStyle><color>ccff8402</color><width>3</width></LineStyle>
        <PolyStyle><color>3338bdf8</color></PolyStyle>
      </Style>
      <Polygon><outerBoundaryIs><LinearRing><coordinates>118.97288597,32.21822010,0 118.98322565,32.22267635,0 118.98324108,32.22265074,0 118.97290140,32.21819449,0 118.97288597,32.21822010,0</coordinates></LinearRing></outerBoundaryIs></Polygon>
    </Placemark>
    <Placemark>
      <name>Drone task 156 pass 1</name>
      <Style><LineStyle><color>cc2563eb</color><width>3</width></LineStyle></Style>
      <LineString><tessellate>1</tessellate><coordinates>118.97289368,32.21820729,0 118.98323336,32.22266355,0</coordinates></LineString>
    </Placemark>
    <Placemark>
      <name>Drone task 159 pass 1 swath</name>
      <Style>
        <LineStyle><color>ccff8402</color><width>3</width></LineStyle>
        <PolyStyle><color>3338bdf8</color></PolyStyle>
      </Style>
      <Polygon><outerBoundaryIs><LinearRing><coordinates>118.96672010,32.21576234,0 118.97253661,32.21826917,0 118.97255204,32.21824355,0 118.96673553,32.21573672,0 118.96672010,32.21576234,0</coordinates></LinearRing></outerBoundaryIs></Polygon>
    </Placemark>
    <Placemark>
      <name>Drone task 159 pass 1</name>
      <Style><LineStyle><color>cc2563eb</color><width>3</width></LineStyle></Style>
      <LineString><tessellate>1</tessellate><coordinates>118.96672781,32.21574953,0 118.97254432,32.21825636,0</coordinates></LineString>
    </Placemark>
    <Placemark>
      <name>Drone task 160 pass 1 swath</name>
      <Style>
        <LineStyle><color>ccff8402</color><width>3</width></LineStyle>
        <PolyStyle><color>3338bdf8</color></PolyStyle>
      </Style>
      <Polygon><outerBoundaryIs><LinearRing><coordinates>118.97278310,32.21837540,0 118.98312947,32.22283453,0 118.98314490,32.22280892,0 118.97279853,32.21834979,0 118.97278310,32.21837540,0</coordinates></LinearRing></outerBoundaryIs></Polygon>
    </Placemark>
    <Placemark>
      <name>Drone task 160 pass 1</name>
      <Style><LineStyle><color>cc2563eb</color><width>3</width></LineStyle></Style>
      <LineString><tessellate>1</tessellate><coordinates>118.97279082,32.21836259,0 118.98313718,32.22282172,0</coordinates></LineString>
    </Placemark>
    <Placemark>
      <name>Drone task 163 pass 1 swath</name>
      <Style>
        <LineStyle><color>ccff8402</color><width>3</width></LineStyle>
        <PolyStyle><color>3338bdf8</color></PolyStyle>
      </Style>
      <Polygon><outerBoundaryIs><LinearRing><coordinates>118.96662572,32.21592128,0 118.97243296,32.21842412,0 118.97244839,32.21839850,0 118.96664115,32.21589567,0 118.96662572,32.21592128,0</coordinates></LinearRing></outerBoundaryIs></Polygon>
    </Placemark>
    <Placemark>
      <name>Drone task 163 pass 1</name>
      <Style><LineStyle><color>cc2563eb</color><width>3</width></LineStyle></Style>
      <LineString><tessellate>1</tessellate><coordinates>118.96663343,32.21590848,0 118.97244068,32.21841131,0</coordinates></LineString>
    </Placemark>
    <Placemark>
      <name>Drone task 164 pass 1 swath</name>
      <Style>
        <LineStyle><color>ccff8402</color><width>3</width></LineStyle>
        <PolyStyle><color>3338bdf8</color></PolyStyle>
      </Style>
      <Polygon><outerBoundaryIs><LinearRing><coordinates>118.97268024,32.21853069,0 118.98303329,32.22299271,0 118.98304872,32.22296709,0 118.97269567,32.21850508,0 118.97268024,32.21853069,0</coordinates></LinearRing></outerBoundaryIs></Polygon>
    </Placemark>
    <Placemark>
      <name>Drone task 164 pass 1</name>
      <Style><LineStyle><color>cc2563eb</color><width>3</width></LineStyle></Style>
      <LineString><tessellate>1</tessellate><coordinates>118.97268796,32.21851789,0 118.98304101,32.22297990,0</coordinates></LineString>
    </Placemark>
    <Placemark>
      <name>Drone task 167 pass 1 swath</name>
      <Style>
        <LineStyle><color>ccff8402</color><width>3</width></LineStyle>
        <PolyStyle><color>3338bdf8</color></PolyStyle>
      </Style>
      <Polygon><outerBoundaryIs><LinearRing><coordinates>118.96653135,32.21608023,0 118.97232933,32.21857908,0 118.97234476,32.21855346,0 118.96654678,32.21605462,0 118.96653135,32.21608023,0</coordinates></LinearRing></outerBoundaryIs></Polygon>
    </Placemark>
    <Placemark>
      <name>Drone task 167 pass 1</name>
      <Style><LineStyle><color>cc2563eb</color><width>3</width></LineStyle></Style>
      <LineString><tessellate>1</tessellate><coordinates>118.96653906,32.21606743,0 118.97233705,32.21856627,0</coordinates></LineString>
    </Placemark>
    <Placemark>
      <name>Drone task 168 pass 1 swath</name>
      <Style>
        <LineStyle><color>ccff8402</color><width>3</width></LineStyle>
        <PolyStyle><color>3338bdf8</color></PolyStyle>
      </Style>
      <Polygon><outerBoundaryIs><LinearRing><coordinates>118.97257739,32.21868598,0 118.98293712,32.22315087,0 118.98295255,32.22312526,0 118.97259282,32.21866037,0 118.97257739,32.21868598,0</coordinates></LinearRing></outerBoundaryIs></Polygon>
    </Placemark>
    <Placemark>
      <name>Drone task 168 pass 1</name>
      <Style><LineStyle><color>cc2563eb</color><width>3</width></LineStyle></Style>
      <LineString><tessellate>1</tessellate><coordinates>118.97258510,32.21867318,0 118.98294483,32.22313806,0</coordinates></LineString>
    </Placemark>
    <Placemark>
      <name>Drone task 171 pass 1 swath</name>
      <Style>
        <LineStyle><color>ccff8402</color><width>3</width></LineStyle>
        <PolyStyle><color>3338bdf8</color></PolyStyle>
      </Style>
      <Polygon><outerBoundaryIs><LinearRing><coordinates>118.96643696,32.21623918,0 118.97222569,32.21873403,0 118.97224112,32.21870842,0 118.96645239,32.21621357,0 118.96643696,32.21623918,0</coordinates></LinearRing></outerBoundaryIs></Polygon>
    </Placemark>
    <Placemark>
      <name>Drone task 171 pass 1</name>
      <Style><LineStyle><color>cc2563eb</color><width>3</width></LineStyle></Style>
      <LineString><tessellate>1</tessellate><coordinates>118.96644468,32.21622637,0 118.97223340,32.21872123,0</coordinates></LineString>
    </Placemark>
    <Placemark>
      <name>Drone task 175 pass 1 swath</name>
      <Style>
        <LineStyle><color>ccff8402</color><width>3</width></LineStyle>
        <PolyStyle><color>3338bdf8</color></PolyStyle>
      </Style>
      <Polygon><outerBoundaryIs><LinearRing><coordinates>118.96634258,32.21639813,0 118.97212205,32.21888899,0 118.97213748,32.21886337,0 118.96635801,32.21637251,0 118.96634258,32.21639813,0</coordinates></LinearRing></outerBoundaryIs></Polygon>
    </Placemark>
    <Placemark>
      <name>Drone task 175 pass 1</name>
      <Style><LineStyle><color>cc2563eb</color><width>3</width></LineStyle></Style>
      <LineString><tessellate>1</tessellate><coordinates>118.96635030,32.21638532,0 118.97212976,32.21887618,0</coordinates></LineString>
    </Placemark>
    <Placemark>
      <name>Drone task 179 pass 1 swath</name>
      <Style>
        <LineStyle><color>ccff8402</color><width>3</width></LineStyle>
        <PolyStyle><color>3338bdf8</color></PolyStyle>
      </Style>
      <Polygon><outerBoundaryIs><LinearRing><coordinates>118.96624821,32.21655708,0 118.97201841,32.21904394,0 118.97203383,32.21901833,0 118.96626364,32.21653146,0 118.96624821,32.21655708,0</coordinates></LinearRing></outerBoundaryIs></Polygon>
    </Placemark>
    <Placemark>
      <name>Drone task 179 pass 1</name>
      <Style><LineStyle><color>cc2563eb</color><width>3</width></LineStyle></Style>
      <LineString><tessellate>1</tessellate><coordinates>118.96625593,32.21654427,0 118.97202612,32.21903114,0</coordinates></LineString>
    </Placemark>
    <Placemark>
      <name>Drone task 183 pass 1 swath</name>
      <Style>
        <LineStyle><color>ccff8402</color><width>3</width></LineStyle>
        <PolyStyle><color>3338bdf8</color></PolyStyle>
      </Style>
      <Polygon><outerBoundaryIs><LinearRing><coordinates>118.96615383,32.21671602,0 118.97191476,32.21919890,0 118.97193019,32.21917329,0 118.96616926,32.21669041,0 118.96615383,32.21671602,0</coordinates></LinearRing></outerBoundaryIs></Polygon>
    </Placemark>
    <Placemark>
      <name>Drone task 183 pass 1</name>
      <Style><LineStyle><color>cc2563eb</color><width>3</width></LineStyle></Style>
      <LineString><tessellate>1</tessellate><coordinates>118.96616154,32.21670322,0 118.97192248,32.21918610,0</coordinates></LineString>
    </Placemark>
    <Placemark>
      <name>Drone task 187 pass 1 swath</name>
      <Style>
        <LineStyle><color>ccff8402</color><width>3</width></LineStyle>
        <PolyStyle><color>3338bdf8</color></PolyStyle>
      </Style>
      <Polygon><outerBoundaryIs><LinearRing><coordinates>118.96605945,32.21687497,0 118.97181113,32.21935385,0 118.97182656,32.21932824,0 118.96607488,32.21684936,0 118.96605945,32.21687497,0</coordinates></LinearRing></outerBoundaryIs></Polygon>
    </Placemark>
    <Placemark>
      <name>Drone task 187 pass 1</name>
      <Style><LineStyle><color>cc2563eb</color><width>3</width></LineStyle></Style>
      <LineString><tessellate>1</tessellate><coordinates>118.96606716,32.21686216,0 118.97181885,32.21934105,0</coordinates></LineString>
    </Placemark>
    <Placemark>
      <name>Drone task 191 pass 1 swath</name>
      <Style>
        <LineStyle><color>ccff8402</color><width>3</width></LineStyle>
        <PolyStyle><color>3338bdf8</color></PolyStyle>
      </Style>
      <Polygon><outerBoundaryIs><LinearRing><coordinates>118.96596508,32.21703392,0 118.97170749,32.21950881,0 118.97172292,32.21948320,0 118.96598051,32.21700831,0 118.96596508,32.21703392,0</coordinates></LinearRing></outerBoundaryIs></Polygon>
    </Placemark>
    <Placemark>
      <name>Drone task 191 pass 1</name>
      <Style><LineStyle><color>cc2563eb</color><width>3</width></LineStyle></Style>
      <LineString><tessellate>1</tessellate><coordinates>118.96597279,32.21702111,0 118.97171520,32.21949601,0</coordinates></LineString>
    </Placemark>
    <Placemark>
      <name>Drone task 195 pass 1 swath</name>
      <Style>
        <LineStyle><color>ccff8402</color><width>3</width></LineStyle>
        <PolyStyle><color>3338bdf8</color></PolyStyle>
      </Style>
      <Polygon><outerBoundaryIs><LinearRing><coordinates>118.96587070,32.21719287,0 118.97160385,32.21966377,0 118.97161927,32.21963816,0 118.96588613,32.21716725,0 118.96587070,32.21719287,0</coordinates></LinearRing></outerBoundaryIs></Polygon>
    </Placemark>
    <Placemark>
      <name>Drone task 195 pass 1</name>
      <Style><LineStyle><color>cc2563eb</color><width>3</width></LineStyle></Style>
      <LineString><tessellate>1</tessellate><coordinates>118.96587841,32.21718006,0 118.97161156,32.21965097,0</coordinates></LineString>
    </Placemark>
    <Placemark>
      <name>Drone task 196 pass 1 swath</name>
      <Style>
        <LineStyle><color>ccff8402</color><width>3</width></LineStyle>
        <PolyStyle><color>3338bdf8</color></PolyStyle>
      </Style>
      <Polygon><outerBoundaryIs><LinearRing><coordinates>118.97185738,32.21977304,0 118.98226388,32.22425809,0 118.98227931,32.22423248,0 118.97187281,32.21974743,0 118.97185738,32.21977304,0</coordinates></LinearRing></outerBoundaryIs></Polygon>
    </Placemark>
    <Placemark>
      <name>Drone task 196 pass 1</name>
      <Style><LineStyle><color>cc2563eb</color><width>3</width></LineStyle></Style>
      <LineString><tessellate>1</tessellate><coordinates>118.97186510,32.21976024,0 118.98227160,32.22424528,0</coordinates></LineString>
    </Placemark>
    <Placemark>
      <name>Drone task 199 pass 1 swath</name>
      <Style>
        <LineStyle><color>ccff8402</color><width>3</width></LineStyle>
        <PolyStyle><color>3338bdf8</color></PolyStyle>
      </Style>
      <Polygon><outerBoundaryIs><LinearRing><coordinates>118.96577631,32.21735182,0 118.97027681,32.21929147,0 118.97029224,32.21926585,0 118.96579174,32.21732620,0 118.96577631,32.21735182,0</coordinates></LinearRing></outerBoundaryIs></Polygon>
    </Placemark>
    <Placemark>
      <name>Drone task 199 pass 1</name>
      <Style><LineStyle><color>cc2563eb</color><width>3</width></LineStyle></Style>
      <LineString><tessellate>1</tessellate><coordinates>118.96578403,32.21733901,0 118.97028453,32.21927866,0</coordinates></LineString>
    </Placemark>
    <Placemark>
      <name>Drone task 202 pass 1 swath</name>
      <Style>
        <LineStyle><color>ccff8402</color><width>3</width></LineStyle>
        <PolyStyle><color>3338bdf8</color></PolyStyle>
      </Style>
      <Polygon><outerBoundaryIs><LinearRing><coordinates>118.98226539,32.22465798,0 119.00007960,32.23233565,0 119.00009503,32.23231004,0 118.98228082,32.22463237,0 118.98226539,32.22465798,0</coordinates></LinearRing></outerBoundaryIs></Polygon>
    </Placemark>
    <Placemark>
      <name>Drone task 202 pass 1</name>
      <Style><LineStyle><color>cc2563eb</color><width>3</width></LineStyle></Style>
      <LineString><tessellate>1</tessellate><coordinates>118.98227311,32.22464518,0 119.00008732,32.23232284,0</coordinates></LineString>
    </Placemark>
    <Placemark>
      <name>Drone task 345 pass 1 swath</name>
      <Style>
        <LineStyle><color>ccff8402</color><width>3</width></LineStyle>
        <PolyStyle><color>3338bdf8</color></PolyStyle>
      </Style>
      <Polygon><outerBoundaryIs><LinearRing><coordinates>118.97069019,32.20907641,0 118.97054344,32.20929142,0 118.97057287,32.20930579,0 118.97071962,32.20909079,0 118.97069019,32.20907641,0</coordinates></LinearRing></outerBoundaryIs></Polygon>
    </Placemark>
    <Placemark>
      <name>Drone task 345 pass 1</name>
      <Style><LineStyle><color>cc2563eb</color><width>3</width></LineStyle></Style>
      <LineString><tessellate>1</tessellate><coordinates>118.97070490,32.20908360,0 118.97055815,32.20929860,0</coordinates></LineString>
    </Placemark>
    <Placemark>
      <name>Drone task 346 pass 1 swath</name>
      <Style>
        <LineStyle><color>ccff8402</color><width>3</width></LineStyle>
        <PolyStyle><color>3338bdf8</color></PolyStyle>
      </Style>
      <Polygon><outerBoundaryIs><LinearRing><coordinates>118.97180447,32.21985140,0 118.97207014,32.21998115,0 118.97208713,32.21995625,0 118.97182146,32.21982650,0 118.97180447,32.21985140,0</coordinates></LinearRing></outerBoundaryIs></Polygon>
    </Placemark>
    <Placemark>
      <name>Drone task 346 pass 1</name>
      <Style><LineStyle><color>cc2563eb</color><width>3</width></LineStyle></Style>
      <LineString><tessellate>1</tessellate><coordinates>118.97181296,32.21983895,0 118.97207864,32.21996870,0</coordinates></LineString>
    </Placemark>
    <Placemark>
      <name>Drone task 347 pass 1 swath</name>
      <Style>
        <LineStyle><color>ccff8402</color><width>3</width></LineStyle>
        <PolyStyle><color>3338bdf8</color></PolyStyle>
      </Style>
      <Polygon><outerBoundaryIs><LinearRing><coordinates>118.99858707,32.23188365,0 118.99997742,32.23248287,0 118.99999285,32.23245725,0 118.99860250,32.23185803,0 118.99858707,32.23188365,0</coordinates></LinearRing></outerBoundaryIs></Polygon>
    </Placemark>
    <Placemark>
      <name>Drone task 347 pass 1</name>
      <Style><LineStyle><color>cc2563eb</color><width>3</width></LineStyle></Style>
      <LineString><tessellate>1</tessellate><coordinates>118.99859479,32.23187084,0 118.99998514,32.23247006,0</coordinates></LineString>
    </Placemark>
    <Placemark>
      <name>Drone task 348 pass 1 swath</name>
      <Style>
        <LineStyle><color>ccff8402</color><width>3</width></LineStyle>
        <PolyStyle><color>3338bdf8</color></PolyStyle>
      </Style>
      <Polygon><outerBoundaryIs><LinearRing><coordinates>118.96080379,32.22522863,0 118.96123208,32.22543778,0 118.96124907,32.22541289,0 118.96082078,32.22520374,0 118.96080379,32.22522863,0</coordinates></LinearRing></outerBoundaryIs></Polygon>
    </Placemark>
    <Placemark>
      <name>Drone task 348 pass 1</name>
      <Style><LineStyle><color>cc2563eb</color><width>3</width></LineStyle></Style>
      <LineString><tessellate>1</tessellate><coordinates>118.96081228,32.22521618,0 118.96124057,32.22542534,0</coordinates></LineString>
    </Placemark>
    <Placemark>
      <name>Drone task 349 pass 1 swath</name>
      <Style>
        <LineStyle><color>ccff8402</color><width>3</width></LineStyle>
        <PolyStyle><color>3338bdf8</color></PolyStyle>
      </Style>
      <Polygon><outerBoundaryIs><LinearRing><coordinates>118.99004480,32.24805052,0 118.99062011,32.24829847,0 118.99063554,32.24827286,0 118.99006022,32.24802491,0 118.99004480,32.24805052,0</coordinates></LinearRing></outerBoundaryIs></Polygon>
    </Placemark>
    <Placemark>
      <name>Drone task 349 pass 1</name>
      <Style><LineStyle><color>cc2563eb</color><width>3</width></LineStyle></Style>
      <LineString><tessellate>1</tessellate><coordinates>118.99005251,32.24803771,0 118.99062783,32.24828566,0</coordinates></LineString>
    </Placemark>
    <Placemark>
      <name>Drone task 350 pass 1 swath</name>
      <Style>
        <LineStyle><color>ccff8402</color><width>3</width></LineStyle>
        <PolyStyle><color>3338bdf8</color></PolyStyle>
      </Style>
      <Polygon><outerBoundaryIs><LinearRing><coordinates>119.01770476,32.23978504,0 119.02184912,32.24157119,0 119.02186455,32.24154558,0 119.01772019,32.23975943,0 119.01770476,32.23978504,0</coordinates></LinearRing></outerBoundaryIs></Polygon>
    </Placemark>
    <Placemark>
      <name>Drone task 350 pass 1</name>
      <Style><LineStyle><color>cc2563eb</color><width>3</width></LineStyle></Style>
      <LineString><tessellate>1</tessellate><coordinates>119.01771248,32.23977223,0 119.02185683,32.24155839,0</coordinates></LineString>
    </Placemark>
    <Placemark>
      <name>Drone task 351 pass 1 swath</name>
      <Style>
        <LineStyle><color>ccff8402</color><width>3</width></LineStyle>
        <PolyStyle><color>3338bdf8</color></PolyStyle>
      </Style>
      <Polygon><outerBoundaryIs><LinearRing><coordinates>118.99998729,32.23549816,0 119.00036732,32.23564128,0 119.00038114,32.23561502,0 119.00000111,32.23547190,0 118.99998729,32.23549816,0</coordinates></LinearRing></outerBoundaryIs></Polygon>
    </Placemark>
    <Placemark>
      <name>Drone task 351 pass 1</name>
      <Style><LineStyle><color>cc2563eb</color><width>3</width></LineStyle></Style>
      <LineString><tessellate>1</tessellate><coordinates>118.99999420,32.23548503,0 119.00037423,32.23562815,0</coordinates></LineString>
    </Placemark>
    <Placemark>
      <name>Drone task 352 pass 1 swath</name>
      <Style>
        <LineStyle><color>ccff8402</color><width>3</width></LineStyle>
        <PolyStyle><color>3338bdf8</color></PolyStyle>
      </Style>
      <Polygon><outerBoundaryIs><LinearRing><coordinates>119.00037187,32.23783472,0 119.00079453,32.23801688,0 119.00080996,32.23799126,0 119.00038730,32.23780910,0 119.00037187,32.23783472,0</coordinates></LinearRing></outerBoundaryIs></Polygon>
    </Placemark>
    <Placemark>
      <name>Drone task 352 pass 1</name>
      <Style><LineStyle><color>cc2563eb</color><width>3</width></LineStyle></Style>
      <LineString><tessellate>1</tessellate><coordinates>119.00037958,32.23782191,0 119.00080225,32.23800407,0</coordinates></LineString>
    </Placemark>
    <Placemark>
      <name>Drone task 354 pass 1 swath</name>
      <Style>
        <LineStyle><color>ccff8402</color><width>3</width></LineStyle>
        <PolyStyle><color>3338bdf8</color></PolyStyle>
      </Style>
      <Polygon><outerBoundaryIs><LinearRing><coordinates>118.99975001,32.23622699,0 119.00049796,32.23622699,0 119.00049796,32.23619824,0 118.99975001,32.23619824,0 118.99975001,32.23622699,0</coordinates></LinearRing></outerBoundaryIs></Polygon>
    </Placemark>
    <Placemark>
      <name>Drone task 354 pass 1</name>
      <Style><LineStyle><color>cc2563eb</color><width>3</width></LineStyle></Style>
      <LineString><tessellate>1</tessellate><coordinates>118.99975001,32.23621261,0 119.00049796,32.23621261,0</coordinates></LineString>
    </Placemark>
    <Placemark>
      <name>Drone task 356 pass 1 swath</name>
      <Style>
        <LineStyle><color>ccff8402</color><width>3</width></LineStyle>
        <PolyStyle><color>3338bdf8</color></PolyStyle>
      </Style>
      <Polygon><outerBoundaryIs><LinearRing><coordinates>119.00047846,32.23579069,0 119.00186033,32.23579069,0 119.00186033,32.23576195,0 119.00047846,32.23576195,0 119.00047846,32.23579069,0</coordinates></LinearRing></outerBoundaryIs></Polygon>
    </Placemark>
    <Placemark>
      <name>Drone task 356 pass 1</name>
      <Style><LineStyle><color>cc2563eb</color><width>3</width></LineStyle></Style>
      <LineString><tessellate>1</tessellate><coordinates>119.00047846,32.23577632,0 119.00186033,32.23577632,0</coordinates></LineString>
    </Placemark>
    <Placemark>
      <name>Drone task 357 pass 1 swath</name>
      <Style>
        <LineStyle><color>ccff8402</color><width>3</width></LineStyle>
        <PolyStyle><color>3338bdf8</color></PolyStyle>
      </Style>
      <Polygon><outerBoundaryIs><LinearRing><coordinates>119.00082429,32.23455509,0 119.00180399,32.23455509,0 119.00180399,32.23452634,0 119.00082429,32.23452634,0 119.00082429,32.23455509,0</coordinates></LinearRing></outerBoundaryIs></Polygon>
    </Placemark>
    <Placemark>
      <name>Drone task 357 pass 1</name>
      <Style><LineStyle><color>cc2563eb</color><width>3</width></LineStyle></Style>
      <LineString><tessellate>1</tessellate><coordinates>119.00082429,32.23454071,0 119.00180399,32.23454071,0</coordinates></LineString>
    </Placemark>
    <Placemark>
      <name>Drone task 359 pass 1 swath</name>
      <Style>
        <LineStyle><color>ccff8402</color><width>3</width></LineStyle>
        <PolyStyle><color>3338bdf8</color></PolyStyle>
      </Style>
      <Polygon><outerBoundaryIs><LinearRing><coordinates>119.00153273,32.23403095,0 119.00176580,32.23403095,0 119.00176580,32.23400220,0 119.00153273,32.23400220,0 119.00153273,32.23403095,0</coordinates></LinearRing></outerBoundaryIs></Polygon>
    </Placemark>
    <Placemark>
      <name>Drone task 359 pass 1</name>
      <Style><LineStyle><color>cc2563eb</color><width>3</width></LineStyle></Style>
      <LineString><tessellate>1</tessellate><coordinates>119.00153273,32.23401657,0 119.00176580,32.23401657,0</coordinates></LineString>
    </Placemark>
    <Placemark>
      <name>Drone task 360 pass 1 swath</name>
      <Style>
        <LineStyle><color>ccff8402</color><width>3</width></LineStyle>
        <PolyStyle><color>3338bdf8</color></PolyStyle>
      </Style>
      <Polygon><outerBoundaryIs><LinearRing><coordinates>118.99826219,32.24561253,0 118.99835066,32.24563258,0 118.99835945,32.24560481,0 118.99827099,32.24558476,0 118.99826219,32.24561253,0</coordinates></LinearRing></outerBoundaryIs></Polygon>
    </Placemark>
    <Placemark>
      <name>Drone task 360 pass 1</name>
      <Style><LineStyle><color>cc2563eb</color><width>3</width></LineStyle></Style>
      <LineString><tessellate>1</tessellate><coordinates>118.99826659,32.24559864,0 118.99835506,32.24561869,0</coordinates></LineString>
    </Placemark>
    <Placemark>
      <name>Drone task 361 pass 1 swath</name>
      <Style>
        <LineStyle><color>ccff8402</color><width>3</width></LineStyle>
        <PolyStyle><color>3338bdf8</color></PolyStyle>
      </Style>
      <Polygon><outerBoundaryIs><LinearRing><coordinates>118.99387025,32.24496472,0 118.99418234,32.24506605,0 118.99419452,32.24503921,0 118.99388243,32.24493788,0 118.99387025,32.24496472,0</coordinates></LinearRing></outerBoundaryIs></Polygon>
    </Placemark>
    <Placemark>
      <name>Drone task 361 pass 1</name>
      <Style><LineStyle><color>cc2563eb</color><width>3</width></LineStyle></Style>
      <LineString><tessellate>1</tessellate><coordinates>118.99387634,32.24495130,0 118.99418843,32.24505263,0</coordinates></LineString>
    </Placemark>
    <Placemark>
      <name>Drone task 363 pass 1 swath</name>
      <Style>
        <LineStyle><color>ccff8402</color><width>3</width></LineStyle>
        <PolyStyle><color>3338bdf8</color></PolyStyle>
      </Style>
      <Polygon><outerBoundaryIs><LinearRing><coordinates>118.99478436,32.24486686,0 118.99616837,32.24531625,0 118.99618054,32.24528941,0 118.99479654,32.24484003,0 118.99478436,32.24486686,0</coordinates></LinearRing></outerBoundaryIs></Polygon>
    </Placemark>
    <Placemark>
      <name>Drone task 363 pass 1</name>
      <Style><LineStyle><color>cc2563eb</color><width>3</width></LineStyle></Style>
      <LineString><tessellate>1</tessellate><coordinates>118.99479045,32.24485344,0 118.99617446,32.24530283,0</coordinates></LineString>
    </Placemark>
    <Placemark>
      <name>Hive movement</name>
      <Style><LineStyle><color>cc111827</color><width>3</width></LineStyle></Style>
      <LineString><tessellate>1</tessellate><coordinates>119.00358614,32.23395653,0 118.99506303,32.23062258,0 118.97611104,32.22195196,0 118.97180466,32.21985149,0 118.97157075,32.21971200,0 118.97715332,32.21177614,0 118.97851720,32.21219593,0 118.97715332,32.21177614,0 118.97157075,32.21971200,0 118.96525740,32.21774675,0 118.95607891,32.23242987,0 118.96080464,32.22522904,0 118.97689962,32.23282119,0 118.99496463,32.24061076,0 118.99982321,32.23301558,0 118.99670005,32.23134735,0 119.00524274,32.23467716,0</coordinates></LineString>
    </Placemark>
    <Placemark>
      <name>Fixed-wing airport</name>
      <Point><coordinates>118.93242156,32.23207835,0</coordinates></Point>
    </Placemark>
  </Document>
</kml>
